NQUEST,NORDEB1,DEBM1,DETRAZIONI1,DEBRF1,ANMUTUO1,MUTUODU1,MUTUOFIN1,MUTUOIN1,DEBGAR1,DEBPERS1,LTV1,TIPOTAX1,RATACON1,TAXFIS1,TAXVAR1,SOSPENS1,SOSPEORA1,RIPPAG1,RIPPAGQUA1,TMUTUOAB1,TDEBITA1,RIFINANZ1
31695,1,2,1,2,2016,10,5,50000,1,,25,1,,2,,2,,,,5400,30000,2
37521,1,1,,2,2001,25,4,125000,1,,50,1,,4,,2,,,,1560,5000,2
38939,1,2,1,2,2016,5,1,10000,3,2,,1,,1,,2,,,,2400,2400,2
39318,1,2,2,2,2012,20,12,150000,3,1,,2,1,,1.2,2,,,,5760,75000,1
51544,1,2,1,2,2007,15,2,80000,1,,20,1,,2,,2,,,,6000,10000,2
57670,1,2,1,2,2007,30,16,52000,3,1,,1,,6,,2,,,,3700,35000,2
91081,1,1,,2,2000,25,4,100000,1,,50,2,2,,4,2,,,,9600,10000,1
230037,1,1,,2,2013,10,2,68400,1,,100,1,,3,,2,,,,6840,17500,2
500176,1,1,,2,2019,20,8,40000,1,,45,1,,2,,2,,,,1560,9000,2
501068,1,1,,2,2012,15,6,75000,1,,100,1,,7,,2,,,,4000,28000,2
503560,1,1,,2,2015,20,15,88000,1,,80,2,1,,2,2,,,,5000,75000,2
505806,1,2,1,2,2020,10,9,10660,3,1,,1,,2,,2,,,,800,9800,2
505839,1,1,,2,2019,25,23,115000,1,,50,1,,2.5,,2,,,,6800,100000,2
510433,1,2,1,2,2019,4,0,6000,3,2,,1,,5,,2,,,,6000,0,2
511757,1,2,2,2,2011,10,1,15000,3,2,,1,,6,,2,,,,3720,3720,2
512517,1,2,1,2,2010,15,4,80000,1,,90,2,1,,1,2,,,,6912,24000,2
512784,1,2,2,1,2012,10,1,20000,3,1,,1,,9,,2,,,,6500,17000,2
512784,2,2,2,1,2016,10,5,20000,1,,17,1,,9,,2,,,,6500,17000,2
512887,1,1,,2,2003,25,5,64000,1,,100,1,,4,,2,,,,4404,16000,2
620858,1,1,,2,2003,25,7,100000,1,,43,1,,4,,2,,,,6192,40000,1
621766,1,2,2,2,2018,5,2,40000,1,,30,1,,2,,2,,,,6000,15000,2
635112,1,1,,1,2008,20,7,100000,1,,50,1,,5.85,,2,,,,8440,50000,2
635346,1,2,2,2,2011,10,0,40000,1,,20,1,,2.3,,2,,,,4400,4000,2
671152,1,1,,2,2005,35,19,100000,1,,90,1,,4,,2,,,,3600,60000,2
673145,1,1,,2,2018,20,17,80000,1,,60,2,1,,3.2,2,,,,5500,70000,2
676000,1,2,2,3,2010,10,1,40000,1,,10,1,,2,,2,,,,6000,12000,1
677464,1,2,3,2,2017,8,5,50000,3,1,,1,,2,,2,,,,12000,37000,2
680244,1,1,,2,2006,25,10,165000,1,,75,2,2,,1,2,,,,7200,75000,2
681394,1,1,,2,2011,30,20,160000,1,,70,2,2,,6,1,2,1,12,2200,135000,2
681520,1,1,,2,2020,20,20,80000,3,2,,1,,5,,2,,,,3780,76200,2
681520,2,1,,2,2020,10,9,13000,3,2,,1,,5,,2,,,,2400,12000,2
681520,3,2,2,2,2020,10,9,10000,3,2,,1,,5,,2,,,,2040,9000,2
681668,1,2,1,2,2000,20,0,20000,1,,15,1,,1.9,,2,,,,1520,0,2
681713,1,1,,2,2003,25,5,200000,1,,60,1,,2,,2,,,,7800,42000,2
681844,1,1,,2,2012,20,11,200000,1,,45,1,,1.4,,2,,,,9400,110000,2
683164,1,1,,2,2011,25,15,170000,1,,90,1,,1,,2,,,,7200,100000,1
683247,1,1,,1,2007,30,9,77000,3,1,,1,,5,,2,,,,4800,52300,2
683349,1,2,1,2,2017,20,15,225000,1,,80,2,2,,0.5,2,,,,16300,190000,2
683349,2,2,1,2,2020,20,19,260000,1,,45,2,2,,0.6,2,,,,6000,258000,2
685058,1,1,,2,2008,20,6,50000,1,,80,2,2,,1,2,,,,4548,28000,2
686528,1,1,,2,2013,30,22,200000,1,,100,2,1,,2.8,2,,,,12350,120000,1
687056,1,2,2,2,2018,5,2,10000,1,,25,1,,5.5,,2,,,,2400,6000,2
687699,1,1,,2,2015,20,16,100000,1,,30,1,,9,,1,2,1,12,1050,70000,1
713700,1,1,,2,2018,20,18,90000,1,,50,1,,1.5,,2,,,,5500,75600,2
716507,1,1,,2,2006,30,14,160000,3,1,,2,2,,1.5,2,,,,3000,70000,2
716937,1,1,,2,2015,15,9,75000,1,,50,2,1,,0.8,2,,,,5000,45000,2
717669,1,1,,2,2010,30,20,135000,3,1,,1,,1.5,,2,,,,8664,105000,2
720634,1,2,3,2,2019,16,14,93000,1,,60,1,,2,,2,,,,8100,78000,2
721871,1,2,2,1,2007,15,1,40000,3,1,,1,,2.5,,2,,,,5000,5000,1
722141,1,1,,2,2006,30,15,100000,1,,80,2,1,,3,2,,,,6400,60000,2
735143,1,2,1,2,2015,10,4,50000,1,,40,1,,3.5,,2,,,,7000,27000,2
735659,1,1,,1,2007,15,1,80000,1,,50,2,2,,2.5,2,,,,7200,15000,2
800010,1,2,2,1,2004,25,10,165000,1,,100,2,1,,2,2,,,,7500,90000,2
801541,1,1,,2,2007,25,20,120000,1,,100,1,,6,,1,1,,,0,120000,2
805264,1,2,1,2,2020,8,7,50000,1,,20,1,,1.5,,2,,,,7000,45000,2
806560,1,1,,2,2020,30,29,280000,1,,100,2,2,,2,2,,,,10000,270000,2
807255,1,1,,2,2017,20,16,70000,1,,80,1,,3,,2,,,,6720,53500,2
809488,1,1,,2,2006,30,16,147000,1,,100,1,,2.5,,2,,,,8400,70000,1
812794,1,1,,2,2006,20,5,80000,1,,100,1,,2,,2,,,,5800,25000,2
814889,1,1,,2,2020,30,28,136000,1,,80,1,,2.7,,2,,,,5520,130000,1
814889,2,2,1,2,2017,10,6,30000,3,1,,1,,5.5,,2,,,,4260,23500,2
814889,3,2,1,2,2019,4,2,5000,3,1,,1,,9,,2,,,,1392,3200,2
816196,1,1,,2,2004,25,8,147000,1,,100,2,1,,1.5,2,,,,8400,75000,2
818064,1,2,1,2,2018,7,4,12000,3,2,,1,,6,,2,,,,1980,7900,2
819575,1,1,,2,2020,20,19,200000,1,,35,2,2,,0.7,2,,,,4350,197000,2
824730,1,2,2,2,2019,2,0,2000,3,1,,2,1,,2,2,,,,1200,300,2
824735,1,2,1,2,2016,10,6,60000,2,,60,1,,2,,2,,,,6500,45000,2
824735,2,2,2,1,2017,10,7,15000,3,1,,1,,5,,2,,,,2000,7000,2
826456,1,1,,2,2014,25,18,85000,1,,50,1,,1.5,,2,,,,4800,45000,2
826744,1,1,,2,2004,25,8,100000,1,,75,1,,2.5,,2,,,,3000,28000,2
851172,1,1,,2,2007,25,11,150000,1,,50,1,,5,,2,,,,11000,110000,2
851937,1,2,2,2,2006,14,0,66000,1,,40,2,1,,1,2,,,,6500,0,2
852070,1,2,2,2,2012,10,1,40000,1,,50,1,,4.9,,2,,,,3000,4500,1
854112,1,1,,2,2010,20,10,150000,3,1,,2,2,,1,2,,,,9600,80000,2
855238,1,2,2,2,2006,15,0,100000,1,,50,1,,3,,2,,,,7920,3000,2
855790,1,2,2,2,2011,20,10,40000,1,,60,2,1,,2,2,,,,1800,20000,2
855839,1,1,,2,2004,25,8,170000,1,,95,2,1,,5,2,,,,9000,70000,2
857107,1,1,,1,2015,20,15,70000,1,,70,1,,2.9,,2,,,,4200,50000,2
858534,1,1,,2,2003,20,2,100000,1,,100,1,,2,,2,,,,6000,10000,2
860127,1,1,,1,2020,27,26,250000,1,,55,1,,0.9,,2,,,,8000,190000,1
860940,1,2,2,2,2017,10,7,90000,3,1,,1,,5,,2,,,,9600,50000,1
865806,1,1,,2,2017,10,6,40000,2,,22,1,,1.8,,2,,,,4500,26000,2
868098,1,1,,2,2006,25,11,150000,1,,75,2,1,,2,2,,,,7200,70000,2
869003,1,1,,2,2009,40,29,90000,1,,45,3,2,1.2,1.2,2,,,,1680,72000,2
869043,1,1,,2,2008,20,7,140000,1,,50,1,,3,,2,,,,8000,50000,2
872633,1,1,,2,2009,30,18,100000,1,,80,1,,4,,2,,,,5000,60000,2
874325,1,2,1,2,2019,20,18,190000,1,,50,2,1,,2,2,,,,10000,170000,2
874392,1,2,2,2,2020,7,6,22000,3,1,,1,,1,,2,,,,4040,21000,2
875095,1,1,,2,2005,15,1,95000,1,,15,1,,2.6,,2,,,,6360,2650,1
875139,1,1,,2,2004,25,9,150000,1,,80,1,,3,,2,,,,7000,63000,2
875214,1,1,,2,1995,30,13,150000,1,,100,1,,3,,2,,,,6000,78000,2
875542,1,1,,2,2020,10,9,100000,1,,30,1,,0.5,,2,,,,10500,90000,2
876272,1,1,,2,2018,10,7,68000,1,,100,1,,1.5,,2,,,,5052,50000,2
878103,1,1,,2,2008,35,22,130000,1,,100,1,,3,,2,,,,0,130000,2
878573,1,2,1,2,2008,15,2,30000,3,1,,1,,5.7,,2,,,,3700,7200,2
878831,1,1,,2,2005,20,4,120000,1,,55,2,1,,0.6,2,,,,7128,13000,2
879319,1,1,,2,2010,35,24,199000,1,,90,2,2,,2,2,,,,7650,158000,2
880893,1,1,,2,2015,25,20,150000,1,,100,1,,1,,1,2,1,12,8400,122000,2
880912,1,1,,2,2005,20,4,260000,1,,40,2,2,,0.7,2,,,,15000,77000,2
882067,1,2,2,2,2010,20,9,100000,1,,30,1,,2,,2,,,,8400,75500,2
882143,1,1,,2,1998,30,7,170000,1,,100,1,,4,,1,1,,,6000,50000,1
882618,1,1,,2,2010,25,14,100000,1,,90,2,1,,1.5,2,,,,4800,67200,2
885551,1,2,2,2,2020,30,29,50000,1,,30,1,,2,,2,,,,5000,30000,2
885639,1,1,,2,2013,30,22,160000,1,,60,2,1,,3,2,,,,6500,143000,2
885868,1,1,,2,2008,30,17,250000,1,,42,2,1,,0.6,2,,,,10680,193000,2
887755,1,1,,2,2012,20,5,50000,1,,70,1,,1,,2,,,,2500,12500,2
887863,1,1,,2,2010,25,14,100000,1,,70,3,1,1,2,2,,,,4000,60000,2
888848,1,1,,2,2020,25,25,240000,1,,100,1,,1.5,,2,,,,750,240000,2
889583,1,2,1,2,2020,8,7,25000,1,,15,1,,2,,2,,,,5000,22000,2
889587,1,2,2,2,2019,5,2,50000,1,,30,1,,2,,2,,,,12000,22000,2
889719,1,1,,2,2020,20,19,200000,1,,85,1,,1.05,,2,,,,4500,143000,2
889722,1,1,,2,2005,20,5,71000,1,,50,1,,3,,2,,,,4300,20700,2
892710,1,1,,2,2007,20,0,155000,1,,70,2,1,,2,1,2,1,4,7200,14377,2
893396,1,1,,2,2013,30,22,190000,1,,90,2,1,,0.2,2,,,,6500,145000,2
894887,1,2,1,2,2019,25,23,150000,1,,80,2,1,,2,2,,,,7200,140000,2
895512,1,1,,2,2008,20,7,80000,1,,27,2,1,,5,2,,,,4400,34000,2
896404,1,1,,2,2003,20,2,100000,1,,40,1,,2.5,,2,,,,4800,15000,2
896608,1,1,,2,2012,30,21,160000,1,,80,1,,2.75,,2,,,,7800,150000,2
896749,1,1,,2,2009,20,9,300000,1,,60,1,,0.85,,2,,,,19000,179736,1
896996,1,1,,1,2010,25,16,220000,1,,70,1,,2.5,,1,2,1,12,6600,125000,2
898401,1,2,1,2,2010,20,10,80000,1,,80,1,,3,,2,,,,5400,58000,2
898661,1,1,,2,2016,15,10,150000,1,,80,1,,2.5,,2,,,,9000,120000,2
899055,1,1,,2,2003,25,8,140000,1,,100,2,1,,3,2,,,,8400,65000,2
899562,1,1,,2,2004,20,3,100000,1,,25,1,,2,,2,,,,8000,18000,2
900573,1,2,2,1,2010,15,5,42000,1,,15,2,2,,1.7,2,,,,3200,14000,2
900829,1,1,,2,2015,10,6,35000,1,,80,2,2,,2,2,,,,3500,20000,2
901126,1,1,,1,2020,15,14,115000,1,,60,1,,1,,2,,,,8000,105000,2
903735,1,1,,2,2010,15,5,150000,1,,70,2,1,,3,2,,,,4000,20000,2
904242,1,1,,2,2016,25,20,150000,1,,60,1,,1.83,,2,,,,6000,120000,2
906545,1,1,,2,2003,20,2,70000,1,,30,2,1,,1,2,,,,5000,10000,2
909480,1,2,2,2,2008,20,7,40000,1,,20,1,,5,,2,,,,3000,18000,2
909623,1,1,,2,2012,15,6,140000,1,,65,1,,5,,2,,,,7200,90000,2
909800,1,1,,2,2013,30,20,100000,3,1,,1,,2,,2,,,,4200,60000,2
909856,1,1,,2,2018,25,23,240000,1,,75,3,2,1.1,0.9,2,,,,11136,217000,2
909978,1,1,,2,2013,30,22,125000,1,,100,2,2,,2,1,2,1,10,2750,100000,1
910013,1,3,,3,2020,10,10,5000,3,2,,1,,9,,2,,,,270,5000,2
910274,1,3,,2,2015,25,20,460000,2,,70,2,1,,3,2,,,,24000,384000,2
910422,1,3,,2,2017,5,1,7000,1,,20,1,,2,,2,,,,2300,4600,2
911087,1,1,,2,2011,20,9,100000,3,1,,2,2,,2,2,,,,5000,40000,2
911093,1,1,,2,2004,30,14,150000,1,,80,1,,3,,2,,,,6000,7500,2
911366,1,1,,2,2006,25,10,170000,1,,50,1,,1.95,,2,,,,5960,56840,1
911448,1,1,,2,2017,25,21,80000,1,,80,1,,2,,2,,,,4200,73000,2
912022,1,1,,2,2018,20,17,120000,1,,60,1,,1.6,,2,,,,7000,105000,1
912151,1,1,,2,1999,25,5,90000,1,,40,1,,4,,2,,,,4320,21000,2
912154,1,1,,2,2006,25,11,90000,1,,100,2,1,,1.35,1,2,1,12,1020,45000,2
912342,1,1,,2,2009,20,9,200000,1,,80,1,,2,,2,,,,12000,70000,2
912555,1,1,,2,2003,25,7,60000,1,,75,2,2,,1,2,,,,3350,20000,2
912664,1,1,,2,2009,23,12,170000,3,1,,2,1,,4,2,,,,9000,120000,2
912905,1,1,,2,2011,30,20,148000,1,,75,1,,2.8,,1,2,1,6,3500,100000,1
912905,2,1,,2,2018,30,27,28000,2,,80,1,,2.8,,2,,,,1350,27000,2
912905,3,2,2,2,2011,30,20,80000,3,1,,1,,7,,2,,,,7000,65000,2
913080,1,1,,2,2019,15,13,48000,1,,80,1,,1.45,,2,,,,4200,44000,2
913151,1,1,,2,2008,15,2,60000,2,,50,1,,3,,2,,,,6200,12000,2
913447,1,1,,2,2006,25,10,130000,3,1,,2,2,,0.8,2,,,,5800,58000,2
913472,1,1,,1,2004,28,11,140000,1,,50,1,,4,,2,,,,6400,65000,2
914406,1,2,2,2,2019,5,3,10000,3,1,,1,,3,,2,,,,2700,7300,2
914646,1,1,,2,2009,25,14,107000,1,,80,2,1,,3,2,,,,4200,60000,2
914699,1,1,,2,2006,20,5,100000,1,,100,1,,5,,2,,,,5580,28000,2
914699,2,1,,2,2006,20,5,20000,1,,20,2,2,,2,2,,,,1932,9660,2
915578,1,1,,2,2012,20,12,115000,1,,80,1,,2,,2,,,,6960,90000,1
915897,1,1,,2,2015,20,15,120000,3,1,,2,1,,5,1,2,1,2,8000,80000,2
915943,1,1,,2,2014,20,14,80000,3,1,,1,,2,,2,,,,4800,70000,2
916149,1,1,,2,2004,20,3,100000,1,,80,3,1,1.75,1.25,2,,,,5500,30000,2
916826,1,1,,2,2001,20,1,50000,1,,75,2,2,,1,2,,,,5400,5400,2
917276,1,1,,2,2006,30,15,120000,1,,100,2,2,,1,2,,,,4200,60000,2
917375,1,2,1,2,2009,15,3,40000,1,,20,1,,4,,2,,,,4000,10000,2
918576,1,1,,1,2017,25,21,150000,1,,65,1,,2,,2,,,,6180,125000,1
918702,1,1,,1,2005,20,5,70000,1,,36,3,2,3.5,3.8,2,,,,7800,40000,1
919033,1,2,3,2,2016,25,16,50000,1,,20,1,,9,,2,,,,2400,39000,2
919082,1,1,,2,2019,15,13,93000,1,,80,1,,2,,2,,,,7000,85000,2
919100,1,1,,2,2008,20,7,60000,1,,25,2,2,,0.2,2,,,,3000,20000,2
919286,1,1,,2,2017,20,7,120000,1,,90,2,1,,3.5,2,,,,7680,49000,2
919316,1,1,,2,2010,40,30,160000,1,,80,2,2,,1.45,2,,,,4800,131000,2
919324,1,1,,2,2007,25,11,110000,1,,80,1,,2,,2,,,,6300,69300,2
919414,1,1,,2,2008,25,11,70000,1,,100,1,,5,,2,,,,4800,55000,1
919500,1,1,,2,2007,20,7,110000,1,,55,2,2,,1.2,2,,,,4000,25000,2
919516,1,2,2,2,2004,20,4,45000,1,,75,3,2,2.5,0.9,2,,,,2650,15500,2
919686,1,2,1,2,2017,20,17,130000,1,,54,2,2,,0.7,2,,,,6700,110000,2
919727,1,1,,1,2018,25,22,320000,1,,50,2,1,,0.7,1,2,1,6,7000,290000,1
919741,1,2,1,2,2011,15,7,70000,1,,50,1,,4,,1,2,1,6,4000,25000,1
919762,1,2,2,2,2016,5,1,20000,3,1,,1,,6,,2,,,,4000,4500,1
919866,1,1,,2,2001,20,1,100000,1,,90,1,,4.75,,2,,,,5580,2790,2
920225,1,1,,2,2003,20,2,60000,1,,55,2,2,,4.5,2,,,,4272,9000,2
920315,1,1,,1,2016,20,15,240000,1,,60,1,,3,,2,,,,8400,180000,2
920438,1,2,2,2,2018,5,2,20000,1,,10,1,,4,,2,,,,4800,9600,2
920669,1,3,,3,2005,15,1,95000,2,,50,2,1,,0.8,2,,,,7200,7000,2
920842,1,1,,2,2011,30,20,200000,1,,100,1,,3.4,,2,,,,7200,140000,2
921005,1,2,2,2,2010,15,5,70000,1,,40,2,1,,2,2,,,,5300,28000,2
921680,1,1,,2,2009,30,18,140000,1,,80,1,,6,,2,,,,6000,100000,2
921701,1,1,,2,2002,20,1,115000,1,,80,2,1,,2,2,,,,5220,10000,2
921737,1,1,,2,2002,20,1,120000,1,,90,1,,4,,2,,,,6000,12000,2
921777,1,2,,3,2018,7,4,12500,3,1,,1,,2,,2,,,,2736,10940,
921777,2,2,,3,2017,10,7,38000,3,1,,1,,2,,2,,,,5256,20500,
922181,1,1,,2,2010,20,10,120000,1,,80,1,,2.5,,1,1,,,9600,24000,2
922563,1,2,2,2,2018,7,5,10000,3,1,,1,,4,,2,,,,2400,6000,2
922648,1,1,,2,2014,20,13,50000,1,,50,1,,4,,1,1,,,3000,35000,1
923422,1,2,1,2,2011,20,10,100000,1,,75,1,,6,,2,,,,6000,70000,2
923859,1,2,1,2,2017,7,3,40000,3,1,,1,,7,,2,,,,6000,20000,2
924794,1,1,,2,2004,20,3,60000,1,,80,2,1,,1,2,,,,4000,12000,2
925229,1,1,,2,2004,20,3,10000,3,1,,2,1,,4,2,,,,6000,6000,2
926095,1,2,1,2,2006,15,0,60000,1,,80,2,2,,1,2,,,,5000,840,1
926423,1,2,1,1,2016,10,4,26000,1,,20,2,1,,6,2,,,,3300,13000,2
926423,2,2,1,2,2016,7,2,4000,3,1,,1,,8,,2,,,,1500,3000,2
926966,1,1,,2,2004,24,7,108000,1,,100,1,,0.1,,2,,,,6000,40000,2
926973,1,1,,2,2005,20,5,75000,1,,45,2,2,,1,2,,,,4500,22000,2
927023,1,1,,2,2008,20,7,105000,1,,80,1,,2,,2,,,,7200,52000,1
927023,2,1,,1,2018,10,7,70000,1,,60,1,,2,,2,,,,7200,46000,2
927111,1,2,1,2,2020,20,19,85000,1,,60,1,,2,,2,,,,500,80000,2
927669,1,1,,2,2014,20,14,70000,1,,40,1,,3,,2,,,,4500,47000,2
927693,1,1,,2,2015,30,24,200000,1,,90,1,,6,,2,,,,9500,186000,2
927693,2,2,,2,2015,30,24,100000,1,,50,1,,6,,2,,,,5500,89000,2
927941,1,2,2,1,2012,10,2,10000,3,1,,1,,7,,2,,,,1350,1600,2
927994,1,1,,2,2011,17,7,80000,1,,80,1,,5.7,,2,,,,4560,34400,2
928037,1,1,,2,2011,15,5,140000,1,,50,2,1,,2,2,,,,10000,60000,1
928174,1,2,2,2,2015,10,5,15000,3,1,,1,,2,,2,,,,1500,6000,2
928174,2,2,2,2,2013,20,12,50000,2,,30,3,1,1,2,2,,,,1200,20000,2
928200,1,2,2,2,2016,25,20,100000,2,,100,1,,1,,2,,,,4800,87000,2
930120,1,1,,2,2013,21,13,170000,1,,70,1,,0.9,,2,,,,10200,125000,1
930120,2,1,,2,2002,20,2,100000,2,,10,1,,2,,2,,,,8000,10000,2
930407,1,1,,2,2016,15,10,200000,1,,80,1,,1,,2,,,,18000,160000,2
930413,1,2,2,2,2010,25,14,50000,1,,30,2,1,,1,2,,,,2500,32000,2
930576,1,1,,2,2015,20,15,200000,1,,70,1,,2,,2,,,,10000,160000,2
930603,1,1,,2,2015,20,15,180000,1,,100,1,,1,,2,,,,8500,135000,2
930605,1,1,,2,2015,20,14,170000,1,,80,1,,1,,2,,,,8000,110000,2
930608,1,1,,2,2018,15,12,100000,1,,70,3,1,1,2,2,,,,6000,70000,2
930635,1,1,,2,2018,25,22,120000,1,,70,1,,2,,1,2,1,2,5000,110000,2
930988,1,1,,2,2017,20,16,300000,1,,65,2,1,,0.8,2,,,,15000,250000,2
931003,1,1,,2,2001,25,6,200000,1,,80,2,1,,1,2,,,,10800,50000,2
931168,1,1,,2,2015,10,4,57000,1,,100,1,,3,,2,,,,6576,11000,2
931309,1,1,,2,2009,20,9,70000,1,,30,1,,2,,2,,,,7000,30000,1
931349,1,1,,2,2018,25,22,146000,1,,100,1,,1,,2,,,,4800,135000,1
931357,1,1,,2,2013,25,18,150000,1,,85,1,,1.6,,2,,,,7500,120000,2
931377,1,1,,2,2009,30,18,130000,1,,100,1,,3,,2,,,,4500,100000,2
931418,1,1,,2,2016,30,26,120000,1,,100,1,,3,,2,,,,5280,110000,1
931426,1,1,,2,2015,15,9,200000,1,,60,1,,2.6,,2,,,,14000,120000,1
931426,2,1,,2,2015,20,15,200000,1,,70,1,,0.5,,2,,,,8000,55000,2
931449,1,2,1,2,2011,30,20,200000,1,,30,2,1,,0.2,2,,,,7200,130000,2
931474,1,3,,2,2008,14,0,150000,2,,100,2,2,,3,2,,,,17280,7200,2
931562,1,3,,2,2019,15,13,140000,1,,60,1,,1.85,,2,,,,10500,120000,2
931597,1,2,1,2,2012,10,1,40000,3,1,,1,,3.3,,2,,,,4800,5200,2
931688,1,1,,2,2003,30,12,100000,1,,60,1,,2,,2,,,,4320,56000,2
931709,1,1,,2,2009,20,9,200000,1,,33,1,,1,,2,,,,8420,35637,2
931786,1,1,,2,2005,25,9,250000,1,,32,2,1,,0.2,2,,,,11000,100000,2
932377,1,1,,2,2018,30,19,200000,1,,60,1,,0.6,,2,,,,10800,190000,1
932532,1,1,,2,2011,21,12,500000,1,,80,2,1,,1,2,,,,28668,294000,2
932532,2,2,1,2,2011,22,13,400000,1,,20,2,1,,1,2,,,,22896,213000,2
932532,3,2,1,2,2013,20,13,100000,1,,20,2,1,,1,2,,,,5880,62000,2
932653,1,1,,2,2010,20,8,700000,1,,80,1,,1,,2,,,,9600,200000,1
932717,1,1,,2,2015,15,10,165000,1,,40,1,,0.75,,2,,,,10000,90000,1
932780,1,2,1,2,2015,20,14,200000,1,,30,2,2,,1,2,,,,12000,150000,1
932832,1,2,1,2,2009,20,8,600000,1,,80,2,1,,0.2,2,,,,31000,220000,2
932832,2,1,,2,2015,15,9,200000,1,,40,1,,1,,2,,,,19000,140000,1
932883,1,2,2,2,2020,10,9,30000,1,,4,2,1,,1,2,,,,2500,27500,2
932957,1,1,,2,1999,25,3,25000,1,,30,1,,2.2,,2,,,,1500,5000,2
932997,1,1,,2,2017,15,1,150000,1,,25,2,2,,1,2,,,,12000,20000,2
933012,1,2,1,2,2020,12,11,50000,1,,20,1,,1,,2,,,,4000,46000,2
933036,1,1,,2,2015,25,19,1600000,1,,65,2,2,,1,2,,,,72000,1250000,1
933045,1,1,,2,2017,25,21,400000,1,,35,1,,1,,2,,,,27000,280000,1
933100,1,1,,1,2016,15,11,280000,1,,25,1,,1.9,,2,,,,21600,206000,2
933205,1,1,,2,2016,30,23,260000,1,,60,1,,4,,2,,,,8600,225000,1
933244,1,1,,2,2009,20,9,250000,1,,80,1,,1,,2,,,,12000,96000,2
933686,1,1,,2,2013,28,20,550000,1,,50,2,2,,2,2,,,,20000,430000,1
933774,1,1,,2,2018,20,17,125000,1,,50,1,,1,,2,,,,7000,111000,2
933795,1,1,,2,2018,30,24,285000,1,,85,1,,1.1,,2,,,,12000,260000,1
933853,1,2,2,2,2010,12,1,30000,3,1,,1,,3,,2,,,,2500,3500,2
933865,1,1,,2,2007,20,7,100000,1,,50,2,1,,1,2,,,,4200,25000,2
933892,1,1,,2,2014,10,5,50000,1,,50,2,1,,3,2,,,,4800,25000,2
933925,1,1,,2,2011,20,10,470000,1,,50,1,,1,,2,,,,30000,230000,1
933926,1,1,,2,2017,20,17,234000,1,,90,2,1,,0.1,2,,,,45000,119000,2
933933,1,1,,2,2011,20,10,200000,1,,35,1,,2,,2,,,,10800,100000,2
933934,1,1,,2,2010,20,10,400000,1,,40,1,,1,,1,2,1,6,9000,250000,2
933935,1,1,,2,2018,10,8,300000,1,,75,1,,1,,1,2,1,6,16000,253000,2
934140,1,1,,2,2005,30,14,250000,1,,50,2,2,,2,2,,,,11000,145000,2
934141,1,1,,2,2020,15,14,225000,1,,50,2,2,,0.2,2,,,,15000,210000,2
934294,1,1,,2,2015,15,9,150000,3,1,,3,2,1.5,0.8,2,,,,10300,85000,2
934295,1,1,,2,2015,25,19,800000,1,,80,1,,2,,1,2,1,6,30000,600000,2
934315,1,1,,2,2003,20,2,130000,1,,50,2,2,,3,2,,,,5000,15000,1
934442,1,2,1,2,2017,10,5,33000,1,,15,1,,1.5,,2,,,,3600,20000,2
934462,1,2,2,2,2019,30,28,80000,1,,50,2,1,,1,2,,,,6500,72000,2
934491,1,1,,2,2018,15,12,450000,1,,50,1,,1,,2,,,,30000,150000,2
934524,1,2,1,2,2008,20,7,120000,1,,40,2,1,,4,2,,,,7920,55000,1
934574,1,1,,2,2013,15,7,55000,1,,50,3,1,3,2.5,2,,,,3000,21000,2
934737,1,2,2,2,2016,10,4,50000,1,,30,2,2,,1.9,2,,,,5500,22000,2
934753,1,1,,2,2003,20,2,100000,1,,50,2,2,,2,2,,,,9600,19200,2
934766,1,1,,2,2018,20,17,100000,1,,60,2,2,,0.9,2,,,,6000,85000,2
934791,1,1,,2,2019,20,18,96000,1,,80,1,,2,,2,,,,5040,86000,2
934904,1,1,,2,2006,30,12,150000,1,,0,2,1,,4,1,2,1,12,500,80000,2
934907,1,1,,2,2007,15,1,175000,3,1,,1,,5,,2,,,,6500,7000,2
934918,1,1,,2,2017,15,12,210000,1,,25,2,1,,1.2,2,,,,16000,170000,2
935097,1,1,,2,2018,10,7,100000,1,,30,1,,0.8,,2,,,,12000,64000,2
935187,1,2,1,2,2014,15,1,800000,1,,50,2,2,,0.7,2,,,,60000,90000,2
935195,1,2,1,2,2010,25,14,260000,3,1,,1,,0.57,,2,,,,15000,150000,1
935274,1,2,1,2,2013,15,7,120000,1,,30,2,1,,2,1,2,1,2,7500,70000,2
935281,1,1,,2,2011,15,5,150000,1,,30,2,1,,3,2,,,,12000,70000,2
935285,1,1,,2,2010,20,9,150000,1,,70,1,,1.5,,2,,,,9700,87000,2
935309,1,1,,2,2003,20,2,125000,1,,100,1,,1.4,,2,,,,7000,15000,2
935643,1,1,,2,2013,10,2,100000,1,,50,1,,2,,2,,,,11000,33000,2
935825,1,1,,2,2019,20,18,480000,1,,80,2,1,,0.8,2,,,,44000,440000,2
935877,1,1,,2,2012,20,12,325000,1,,70,2,1,,1.4,1,2,1,9,6000,200000,2
935941,1,1,,2,2017,25,22,75000,3,1,,2,1,,1.94,2,,,,9500,40210,2
936029,1,1,,2,2005,15,0,200000,1,,80,1,,2,,2,,,,9600,8000,2
936619,1,1,,2,2019,30,28,320000,1,,100,1,,2.4,,2,,,,15600,310000,2
936651,1,1,,2,2004,25,9,350000,1,,87,2,2,,1,2,,,,13000,200000,2
936656,1,1,,2,2017,15,11,180000,1,,80,1,,2.5,,2,,,,18000,140000,1
936657,1,1,,2,2019,25,24,205000,1,,100,2,1,,2.5,2,,,,10800,194000,2
936667,1,1,,2,2007,15,1,80000,1,,100,2,1,,2,2,,,,5800,7000,2
936668,1,1,,2,2007,20,6,200000,1,,50,1,,1,,2,,,,12000,60000,2
936779,1,1,,2,2013,20,12,60000,1,,90,1,,5.2,,2,,,,4850,44000,2
936794,1,2,1,2,2006,15,1,250000,1,,10,2,1,,0.7,2,,,,15000,15000,2
936799,1,1,,2,2005,20,4,115000,1,,100,2,2,,1.6,2,,,,7200,28000,2
936801,1,1,,2,2004,20,4,400000,1,,80,2,1,,0.9,2,,,,26000,90000,2
936814,1,1,,2,2016,10,5,150000,1,,30,1,,1.5,,2,,,,15840,90000,2
936839,1,2,1,2,2016,15,10,110000,1,,80,2,2,,1.5,2,,,,3600,26000,1
936862,1,1,,2,2019,25,24,250000,1,,70,1,,1.4,,2,,,,15000,230000,2
936872,1,2,1,2,2017,20,15,500000,1,,50,2,2,,1.5,2,,,,27600,362000,2
936874,1,2,2,2,2015,15,9,50000,1,,50,1,,3,,2,,,,4000,28000,2
936875,1,1,,1,2009,30,15,100000,1,,100,2,2,,5,2,,,,7200,70000,1
936956,1,2,2,2,2015,10,4,50000,1,,20,1,,2,,2,,,,6000,12000,2
937156,1,1,,2,2015,15,9,50000,1,,20,1,,0.4,,2,,,,3400,31000,2
937193,1,2,1,2,2013,25,17,710000,1,,50,2,2,,0.5,2,,,,24000,500000,1
937442,1,1,,2,2012,15,6,85000,1,,90,1,,3.5,,2,,,,6000,42000,2
937630,1,1,,2,2017,20,16,130000,1,,70,1,,1.25,,1,2,1,6,5280,110000,2
937631,1,1,,2,2003,25,7,180000,1,,90,1,,2,,2,,,,6000,40000,2
937981,1,1,,2,2016,20,15,400000,1,,80,1,,0.7,,2,,,,22000,350000,2
938183,1,2,3,2,2019,6,4,100000,3,1,,1,,3,,2,,,,10000,87600,2
938443,1,1,,2,2001,20,0,130000,1,,40,2,1,,1,2,,,,7800,6500,2
938592,1,2,2,2,2010,15,4,115000,1,,50,1,,2,,2,,,,7800,32000,2
938652,1,1,,2,2016,25,20,200000,1,,40,1,,0.1,,2,,,,8300,166000,2
938668,1,1,,1,2017,20,16,160000,1,,30,1,,0.98,,2,,,,8400,125000,2
938672,1,1,,2,2016,30,25,300000,1,,60,2,1,,1,2,,,,12000,255000,2
938673,1,1,,2,2018,20,17,200000,1,,90,1,,1,,2,,,,9000,170000,2
938755,1,1,,2,2016,10,6,100000,1,,45,1,,1.25,,2,,,,10000,57000,2
938766,1,1,,2,2010,30,19,180000,1,,80,1,,1.1,,2,,,,8400,160000,1
938784,1,1,,2,2017,30,26,250000,1,,80,2,2,,2,1,2,1,6,7000,215000,2
938795,1,1,,2,2014,30,21,150000,1,,75,1,,2,,2,,,,4500,100000,2
939051,1,1,,2,2018,15,12,75000,1,,80,1,,1.02,,2,,,,5421,65000,2
939088,1,1,,2,2016,25,19,118000,1,,80,1,,1,,2,,,,5304,93000,2
939161,1,2,1,1,2012,20,10,150000,3,1,,1,,1,,2,,,,8000,70000,2
939190,1,1,,2,2019,30,29,155000,1,,80,1,,1,,2,,,,6000,145000,2
939263,1,1,,2,2012,15,7,150000,1,,54,1,,1.15,,2,,,,12000,68000,1
939308,1,2,1,2,2018,15,13,150000,1,,25,1,,4,,2,,,,12000,135000,2
939347,1,1,,2,2016,20,14,140000,1,,40,1,,1,,2,,,,7500,100000,1
939390,1,1,,2,2014,25,18,100000,1,,100,2,1,,4.5,2,,,,6900,70000,2
939412,1,2,2,2,2018,4,2,4000,3,1,,1,,5.3,,2,,,,1200,2700,2
939677,1,1,,2,2017,20,16,150000,3,1,,1,,2.1,,2,,,,11000,130000,2
939691,1,2,2,2,2007,15,1,130000,1,,18,2,1,,2,2,,,,10200,15370,2
939743,1,1,,2,2017,15,11,83000,1,,30,2,1,,1.1,2,,,,6000,65200,2
940031,1,1,,2,2017,30,26,440000,1,,60,1,,1.3,,2,,,,16000,409000,1
940031,2,2,1,2,2017,30,26,156000,1,,20,1,,1.3,,2,,,,6200,148000,1
940094,1,1,,2,2019,20,18,100000,2,,65,2,1,,4.5,2,,,,21500,60000,2
940241,1,1,,2,2019,30,28,100000,1,,80,1,,1.91,,2,,,,4300,98000,2
940554,1,1,,2,1998,25,3,150000,1,,50,1,,3,,2,,,,9000,20000,2
940605,1,2,2,1,2016,10,9,100000,1,,20,1,,2,,2,,,,10000,60000,1
940932,1,1,,1,2014,10,3,30000,3,1,,1,,7,,2,,,,5000,15000,2
941062,1,1,,2,2005,20,4,450000,1,,75,2,1,,4,2,,,,36000,165000,2
941134,1,1,,2,2012,20,11,500000,1,,50,1,,1.6,,2,,,,30000,380000,1
941278,1,1,,2,2007,25,12,350000,1,,80,1,,3,,2,,,,12000,123000,2
941464,1,1,,2,2015,30,25,300000,1,,40,1,,1.4,,2,,,,12000,260000,2
941583,1,1,,2,2013,20,10,250000,1,,70,1,,3,,2,,,,15000,150000,2
941821,1,1,,2,2017,30,26,500000,1,,70,1,,1.2,,2,,,,22000,470000,1
941821,2,3,,2,2020,20,20,60000,2,,10,3,1,2.8,2.8,2,,,,1800,58000,2
941837,1,1,,2,2016,20,15,275000,1,,70,1,,2.4,,1,1,,13,17000,213000,1
941837,2,3,,2,2018,5,4,20000,3,1,,1,,4,,2,,,,4500,12500,2
942001,1,1,,2,2015,30,10,450000,1,,80,2,1,,2,2,,,,20000,350000,1
942020,1,1,,2,2010,25,14,300000,1,,30,1,,5,,2,,,,18000,252000,2
942053,1,1,,2,2015,15,9,170000,1,,40,1,,0.8,,2,,,,14400,139000,1
942056,1,2,1,2,2019,2,1,1800,3,1,,1,,3,,2,,,,600,1200,2
942071,1,1,,2,2015,35,29,152000,1,,80,1,,1.1,,2,,,,5160,115000,1
942073,1,1,,2,2016,25,20,500000,1,,80,1,,1,,2,,,,18972,370000,2
942316,1,1,,2,2010,20,10,200000,1,,70,2,2,,1.2,2,,,,10000,105000,2
942655,1,1,,2,2004,20,3,200000,1,,50,2,1,,2,2,,,,12000,40000,2
943283,1,1,,2,2017,20,19,350000,1,,40,1,,0.6,,2,,,,28000,270000,1
943387,1,1,,2,2007,15,1,150000,1,,70,1,,2,,2,,,,10000,20000,2
943390,1,1,,2,2015,15,9,80000,1,,20,1,,1,,2,,,,4800,50000,2
943517,1,1,,2,2015,24,19,300000,1,,80,1,,2,,2,,,,12500,238000,1
943526,1,1,,2,2013,35,28,100000,3,1,,1,,5,,2,,,,3500,37000,2
943975,1,1,,2,2000,28,7,150000,1,,50,2,1,,0.2,2,,,,0,59400,2
944036,1,1,,2,2011,30,20,230000,1,,80,1,,4,,2,,,,8400,150000,2
944136,1,1,,2,2003,20,3,160000,1,,80,2,2,,2,2,,,,6000,20000,2
944142,1,1,,2,2005,25,10,150000,1,,80,1,,3,,2,,,,5520,62000,2
944191,1,1,,2,2017,15,12,125000,1,,80,2,1,,3,2,,,,7700,100000,2
944585,1,1,,2,2009,20,8,112000,1,,80,1,,3,,2,,,,6000,66000,2
944821,1,1,,2,2010,15,5,100000,2,,50,2,2,,5,2,,,,10000,45000,2
944973,1,1,,2,2019,30,29,200000,1,,80,1,,1,,2,,,,9000,196000,2
945443,1,1,,2,2010,20,11,120000,1,,80,1,,2,,2,,,,7200,70600,2
945501,1,1,,2,2011,20,11,130000,1,,80,1,,1.97,,2,,,,8400,80000,2
945779,1,2,1,2,2015,10,4,20000,3,1,,1,,3.15,,1,2,1,8,3500,12000,2
945781,1,2,2,2,2015,12,6,55000,1,,30,2,1,,6,2,,,,5400,28000,2
946040,1,1,,2,2014,30,23,150000,1,,70,2,1,,3,2,,,,6000,140000,2
946263,1,1,,2,2019,30,28,140000,1,,80,1,,2,,2,,,,4080,136000,2
946477,1,1,,2,2012,20,12,240000,1,,100,2,1,,4,2,,,,10800,153600,2
946707,1,2,1,2,2013,15,6,460000,1,,50,2,1,,1.75,2,,,,31000,260000,2
946905,1,1,,2,2006,20,5,200000,1,,25,1,,4,,2,,,,20000,90000,2
946987,1,1,,2,2014,25,18,200000,1,,70,1,,1,,2,,,,8000,150000,2
947003,1,1,,2,2015,24,19,245000,1,,80,1,,2.17,,2,,,,13164,166016,2
947036,1,1,,2,2005,30,14,330000,1,,100,2,1,,1.5,2,,,,15000,190000,2
947055,1,1,,2,2006,18,4,130000,1,,100,1,,3,,2,,,,6000,46000,2
947076,1,1,,2,2011,30,20,100000,1,,80,1,,2,,2,,,,2040,30000,1
947086,1,1,,2,2007,36,22,90000,1,,100,2,1,,5,2,,,,3600,82000,2
947786,1,1,,2,2019,20,17,400000,1,,70,1,,2,,2,,,,24000,300000,2
947813,1,1,,2,1990,30,1,280000,1,,30,1,,2,,2,,,,10000,15000,2
947813,2,2,1,2,2010,15,5,500000,1,,40,1,,2,,2,,,,50000,50000,2
947821,1,1,,2,2011,15,5,140000,1,,65,2,1,,0.63,2,,,,9700,65000,2
947838,1,1,,2,2003,30,14,70000,1,,70,1,,6,,2,,,,4200,40000,2
947914,1,1,,1,2011,30,20,108000,1,,100,2,1,,3.5,1,2,1,12,1680,89000,2
947955,1,2,2,2,2019,10,8,50000,3,2,,1,,6.7,,2,,,,7200,48000,2
948015,1,1,,2,2003,20,2,170000,1,,80,2,2,,1.65,2,,,,10000,30000,2
948079,1,2,2,2,2007,30,15,280000,1,,80,1,,0.6,,2,,,,15000,150000,2
948107,1,1,,2,2015,25,18,200000,1,,86,2,1,,1.5,2,,,,9870,145700,2
948113,1,1,,2,2005,20,4,90000,1,,100,2,1,,1,2,,,,3000,15000,2
948132,1,2,2,2,2005,18,2,18000,3,1,,2,2,,5,2,,,,2880,10000,2
948137,1,1,,1,2019,20,19,60000,1,,50,1,,2,,2,,,,3800,56000,2
948140,1,1,,2,2008,23,5,100000,1,,80,2,1,,1,2,,,,7200,18000,2
948149,1,1,,2,2015,30,18,110000,1,,70,1,,1.58,,2,,,,6000,96500,1
948165,1,1,,2,2009,15,4,280000,1,,95,2,1,,1,2,,,,20400,91800,2
948593,1,1,,2,2017,20,17,120000,1,,70,2,2,,1.2,1,2,1,9,1700,100000,2
948594,1,1,,2,2017,15,14,150000,1,,60,1,,0.83,,2,,,,9000,120000,1
948933,1,1,,2,2006,20,6,150000,1,,75,1,,2,,2,,,,14520,45000,2
949088,1,1,,2,2016,20,16,240000,1,,90,1,,2.4,,2,,,,11040,195000,1
949103,1,1,,2,2010,30,19,450000,1,,100,2,1,,1.6,2,,,,15000,285000,2
949110,1,1,,2,1998,30,8,200000,1,,70,1,,1.2,,2,,,,11100,88800,2
949119,1,1,,2,2016,10,6,200000,1,,50,1,,2.5,,2,,,,21600,113600,2
949132,1,1,,2,2017,30,27,340000,1,,90,1,,0.82,,2,,,,12800,301600,2
949142,1,1,,2,2020,30,29,290000,1,,95,1,,1.5,,2,,,,10080,279920,2
949166,1,1,,2,2010,20,9,200000,1,,70,1,,1.6,,2,,,,10800,92000,2
949183,1,2,2,2,2017,30,26,300000,2,,95,1,,1.4,,2,,,,10200,230000,2
949185,1,1,,2,2015,30,24,160000,1,,80,2,1,,2,2,,,,5750,125000,2
949203,1,1,,2,2016,20,15,60000,1,,80,1,,2,,2,,,,3000,45000,2
949270,1,1,,2,2001,24,4,115500,1,,100,2,1,,1.2,2,,,,6000,30000,2
949272,1,1,,1,2013,10,4,67000,1,,77,1,,4.5,,1,2,1,3,7000,27600,2
949280,1,1,,2,2016,25,21,125000,1,,60,1,,2.3,,2,,,,5832,122472,1
949318,1,1,,1,2000,20,0,120000,1,,100,2,1,,3,2,,,,2100,0,2
949323,1,1,,2,2005,20,4,160000,1,,60,1,,0.75,,2,,,,11000,45000,2
949331,1,1,,2,2019,30,28,135000,1,,80,1,,1.75,,2,,,,5787,131000,2
949348,1,1,,2,2012,25,16,140000,1,,80,1,,1.8,,2,,,,5600,89600,1
949369,1,1,,2,2011,15,5,162000,1,,60,2,1,,1.9,2,,,,10800,54000,2
949371,1,1,,2,2012,20,9,115000,1,,60,1,,1.8,,2,,,,5700,50000,2
949372,1,1,,2,2015,25,12,100000,1,,60,2,1,,1.8,2,,,,3600,43000,2
949414,1,1,,1,2010,20,9,100000,1,,60,2,1,,0.2,2,,,,7900,80000,2
949480,1,1,,2,2003,18,0,100000,1,,65,2,1,,3,2,,,,3000,0,2
949491,1,2,1,2,2000,25,4,120000,1,,60,1,,3,,2,,,,5400,21000,2
949529,1,1,,2,2017,30,27,130000,1,,100,2,1,,2,2,,,,4800,120000,2
949718,1,1,,2,2009,30,18,220000,1,,80,2,1,,1,2,,,,8000,160000,2
949781,1,2,2,2,2005,15,2,150000,1,,50,3,1,1,2,2,,,,14000,35000,2
949960,1,1,,2,2005,25,8,180000,1,,60,1,,3,,2,,,,12000,90000,1
949973,1,1,,1,2018,10,8,800000,3,1,,1,,2,,2,,,,260000,578000,2
950224,1,1,,2,2018,30,27,180000,1,,90,1,,2.2,,2,,,,6120,161000,2
951009,1,1,,2,2011,30,21,110000,1,,70,2,1,,3.7,1,2,1,4,4680,98300,2
951019,1,1,,2,2019,30,28,130000,1,,0,1,,2,,2,,,,6000,126000,2
951034,1,1,,2,2017,25,22,200000,1,,50,1,,3,,2,,,,10680,155000,2
951061,1,1,,2,2011,25,15,350000,1,,70,2,1,,3,2,,,,16800,180000,2
951067,1,2,1,2,2020,1,0,2000,3,1,,1,,5,,2,,,,250,2000,2
951073,1,2,1,2,2010,20,10,200000,1,,100,1,,2,,1,2,1,6,6000,90000,2
951163,1,1,,2,2012,25,16,150000,1,,80,1,,2,,2,,,,6000,110000,2
951173,1,1,,2,2007,15,1,126000,1,,50,1,,1.2,,2,,,,8400,8400,2
951184,1,1,,2,2010,30,20,180000,1,,20,1,,4.3,,2,,,,7800,156000,2
951202,1,1,,2,2011,30,20,220000,1,,70,2,2,,1,2,,,,6600,168000,2
951236,1,1,,2,2006,25,10,100000,1,,55,1,,2,,2,,,,4200,42000,2
951262,1,1,,2,2013,30,22,122000,1,,80,2,2,,1,2,,,,5000,100000,2
951266,1,1,,2,2018,30,27,210000,1,,52,2,1,,1,2,,,,9600,190000,2
951280,1,1,,2,2014,25,18,100000,3,1,,2,2,,1.17,2,,,,4800,40000,1
951288,1,1,,2,2015,30,24,100000,1,,70,1,,2,,2,,,,3300,80000,2
951300,1,1,,2,2017,25,21,97000,1,,90,2,1,,2,2,,,,6000,85000,1
951350,1,1,,2,2011,20,10,120000,1,,80,2,2,,1.7,2,,,,6600,60000,2
951367,1,1,,2,2012,20,10,500000,3,1,,1,,2,,2,,,,27000,400000,2
951368,1,1,,2,2011,27,17,255000,1,,91,2,1,,2,2,,,,16000,170000,1
951390,1,3,,2,2016,20,17,180000,1,,80,1,,1.05,,2,,,,7985,80000,2
951397,1,2,2,1,2009,30,7,300000,1,,70,2,2,,0.12,2,,,,9600,140000,1
951400,1,1,,2,2017,25,21,195000,1,,80,1,,1.1,,2,,,,9000,180000,1
951400,2,1,,1,2006,25,7,145000,1,,100,2,2,,1.6,2,,,,8200,70000,2
951436,1,1,,2,2018,25,22,40000,3,1,,1,,3,,2,,,,3100,34000,2
951450,1,1,,2,2007,30,17,150000,1,,100,1,,1,,2,,,,8340,141000,1
951463,1,1,,2,2018,30,28,158000,1,,100,2,1,,0.1,2,,,,5580,146000,2
951493,1,1,,2,2010,20,10,200000,1,,70,1,,5,,2,,,,10000,100000,2
951566,1,1,,2,2006,30,15,150000,1,,100,2,1,,2,2,,,,7500,47000,2
951595,1,1,,2,2012,25,17,160000,1,,65,1,,6,,2,,,,8400,115000,1
951597,1,1,,2,2006,30,15,150000,1,,60,1,,2.5,,2,,,,9000,90000,1
951631,1,1,,2,2007,30,16,200000,1,,50,2,1,,2,2,,,,7800,160000,2
951685,1,1,,2,2014,25,19,300000,1,,80,2,1,,2,2,,,,12000,220000,2
951700,1,1,,2,2009,30,18,107000,1,,100,1,,1,,1,2,1,12,1600,77000,2
951711,1,1,,2,2018,20,17,190000,1,,65,1,,1.15,,2,,,,11800,180000,2
951712,1,1,,2,2018,30,28,120000,1,,80,1,,1.3,,2,,,,5000,80000,2
951714,1,1,,2,2009,30,18,150000,1,,90,2,1,,2,2,,,,7200,90000,2
951739,1,1,,2,2012,25,16,85000,3,1,,3,2,2,2,2,,,,5400,70000,2
951759,1,1,,2,2017,30,23,220000,1,,50,2,2,,1.5,2,,,,11000,160000,2
951773,1,1,,2,2005,30,15,250000,1,,50,2,2,,2.9,2,,,,10000,125000,2
951793,1,1,,2,2015,20,15,68000,1,,70,1,,1.5,,2,,,,4120,51500,1
951811,1,1,,2,2007,25,11,105000,1,,100,2,1,,2,2,,,,5400,59400,2
951812,1,2,2,2,2017,15,11,240000,3,1,,2,1,,2,2,,,,18000,186000,2
951818,1,1,,2,2010,25,14,240000,1,,70,3,2,1,1,2,,,,14400,140000,2
951820,1,1,,2,2011,30,20,144000,1,,80,1,,1,,2,,,,6000,95000,1
951820,2,1,,2,2016,19,14,95000,1,,90,1,,1,,2,,,,5000,80000,1
951822,1,1,,2,2013,30,22,200000,1,,80,2,1,,2,1,2,1,5,4900,150000,1
951847,1,1,,2,2009,30,0,275000,3,1,,2,1,,2,1,2,1,11,4000,208000,1
951860,1,1,,2,2006,20,5,150000,1,,25,1,,1.5,,1,2,1,12,4500,50000,2
951860,2,1,,1,2008,20,7,100000,1,,25,2,1,,3,1,2,1,12,2100,68000,2
951866,1,1,,2,2012,20,11,333000,1,,80,2,1,,1,2,,,,18000,177000,2
951883,1,1,,2,1995,25,9,140000,1,,100,2,1,,3,2,,,,3000,50000,2
951885,1,1,,2,2008,25,13,300000,1,,90,2,2,,3,1,2,1,12,12000,156000,2
951886,1,1,,2,2011,30,21,150000,1,,75,2,1,,2,2,,,,7200,78000,2
951917,1,1,,2,2017,20,13,227000,1,,64,1,,1,,2,,,,15000,190000,1
951922,1,2,2,1,2008,20,7,80000,1,,80,2,1,,2,2,,,,7000,60000,2
951940,1,1,,2,2002,25,7,140000,1,,80,2,1,,2,2,,,,8220,35000,2
951961,1,1,,2,2012,30,20,145000,1,,80,2,1,,3,2,,,,6192,116000,1
951962,1,1,,2,2016,35,30,214000,1,,98,1,,0.9,,2,,,,11500,168000,1
951963,1,1,,2,2018,30,27,215000,1,,100,1,,2,,2,,,,6720,195800,2
951978,1,1,,2,2006,30,15,112000,1,,97,2,2,,3,2,,,,4800,65000,2
951984,1,1,,2,2008,30,17,175000,3,1,,2,1,,1.8,2,,,,7200,114000,2
951986,1,1,,2,2002,25,13,280000,3,1,,2,1,,3,1,1,,,3000,155000,2
951996,1,1,,2,2017,10,7,100000,1,,30,2,1,,2,2,,,,10000,70000,2
951998,1,1,,2,2011,30,20,150000,1,,100,2,1,,3,2,,,,7200,100000,2
952002,1,1,,1,2010,21,11,250000,1,,90,2,1,,3,2,,,,16000,170000,2
952008,1,1,,2,2011,20,11,180000,1,,80,2,1,,3,2,,,,9600,110000,2
952009,1,1,,2,2017,15,11,300000,1,,75,1,,2.5,,2,,,,23000,250000,2
952025,1,1,,2,2011,30,20,200000,1,,50,2,1,,0.8,2,,,,6740,138600,2
952063,1,2,1,2,2010,25,14,600000,1,,60,1,,1,,2,,,,24000,336000,2
952074,1,1,,2,2012,20,10,120000,1,,25,1,,2,,1,2,1,6,4000,80000,1
952098,1,1,,2,2015,10,4,80000,3,1,,1,,0.1,,2,,,,8000,40000,2
952098,2,2,1,2,2017,10,6,10000,3,1,,1,,0.1,,2,,,,1000,7000,2
952104,1,1,,2,2018,25,22,250000,1,,75,1,,1.5,,1,2,1,6,7200,220000,2
952133,1,2,2,2,2006,30,17,200000,1,,65,2,2,,1.6,2,,,,8000,142000,2
952133,2,2,2,2,2008,30,17,150000,1,,40,2,2,,1.2,2,,,,5300,113000,2
952156,1,1,,2,2018,20,17,170000,1,,25,1,,2.3,,2,,,,10680,152000,2
952165,1,1,,2,2010,30,22,218000,1,,90,1,,5.25,,2,,,,9800,187000,2
952222,1,1,,2,2004,30,12,360000,1,,80,2,2,,0.7,2,,,,9360,90000,2
952228,1,1,,2,2008,30,17,330000,1,,85,2,2,,0.2,2,,,,10500,190000,2
952255,1,1,,2,2011,40,30,220000,1,,80,2,1,,2.2,2,,,,6000,150000,2
952337,1,1,,2,2009,30,18,200000,1,,70,2,1,,2,2,,,,7800,140000,2
952337,2,1,,2,2015,20,18,30000,1,,100,2,1,,2,2,,,,2000,18000,2
952394,1,1,,2,2019,20,19,120000,3,1,,1,,1.5,,2,,,,7200,117000,2
952414,1,1,,2,2014,30,23,150000,3,1,,1,,3,,2,,,,6500,130000,2
952424,1,1,,2,2016,25,20,100000,1,,70,1,,3,,2,,,,4000,80000,2
952425,1,1,,2,2015,15,12,210000,1,,80,1,,0.9,,2,,,,12500,150000,1
952454,1,1,,2,2010,30,19,306000,1,,74,3,2,0.9,0.2,2,,,,11000,207000,2
952506,1,1,,2,2018,30,27,300000,1,,70,1,,1.6,,2,,,,13000,280000,1
952519,1,1,,2,2013,30,23,140000,3,1,,2,2,,4,2,,,,5160,120000,2
952550,1,1,,2,2019,25,23,180000,1,,80,1,,1.35,,2,,,,8400,173000,2
952566,1,1,,2,2018,25,23,320000,1,,80,1,,1.65,,2,,,,15780,293000,2
952568,1,1,,2,2019,30,28,180000,1,,80,1,,2.2,,2,,,,7800,172000,2
952574,1,1,,2,2017,30,27,180000,1,,90,1,,1,,2,,,,7200,160000,2
952595,1,1,,2,2016,30,26,200000,3,1,,1,,1,,2,,,,7800,150000,2
952599,1,1,,2,2018,30,26,150000,1,,80,1,,2,,2,,,,6300,128000,2
952637,1,1,,2,2018,30,27,100000,1,,50,2,1,,1.8,2,,,,3600,90000,2
952645,1,1,,2,2019,30,28,250000,3,1,,1,,1,,2,,,,8400,230000,2
952682,1,1,,2,2019,30,29,160000,3,1,,1,,2.4,,2,,,,7400,146000,2
952701,1,1,,2,2018,30,28,190000,1,,100,2,1,,2,2,,,,9000,170000,2
952705,1,2,2,2,2010,30,19,200000,2,,90,2,1,,2,2,,,,7200,160000,2
952718,1,1,,2,2010,30,20,200000,1,,95,1,,0.9,,2,,,,6000,140000,1
952732,1,1,,2,2007,20,7,300000,1,,35,1,,1,,2,,,,15000,115000,2
952767,1,1,,2,2017,25,18,270000,1,,35,1,,0.75,,2,,,,15000,215000,1
952806,1,1,,2,2018,13,10,250000,1,,60,2,1,,1.5,2,,,,18000,150000,2
952815,1,1,,2,2017,30,27,300000,1,,80,1,,1.06,,2,,,,13200,270000,2
952819,1,1,,2,2019,25,23,205000,1,,80,2,2,,1,2,,,,9600,193000,2
952850,1,1,,2,2005,30,13,300000,3,1,,2,2,,1.2,2,,,,12000,160000,2
952909,1,1,,2,2018,20,18,250000,1,,40,2,1,,1,2,,,,15000,230000,2
952955,1,1,,2,2015,15,10,180000,1,,40,1,,1.2,,2,,,,8400,170000,1
952960,1,1,,2,2013,21,12,300000,1,,50,2,1,,2,2,,,,15600,200000,2
952978,1,1,,2,2019,20,18,190000,1,,70,2,1,,1.4,2,,,,12000,174000,2
953018,1,1,,2,2016,25,20,250000,1,,90,2,1,,0.6,2,,,,10300,200000,2
953021,1,1,,2,2005,25,9,120000,1,,80,3,1,2,2,1,2,1,6,6000,49000,2
953028,1,2,2,2,2012,25,16,180000,1,,50,1,,1.2,,2,,,,9000,123000,2
953034,1,1,,2,2018,30,27,220000,1,,90,2,2,,0.25,2,,,,7000,205000,2
953044,1,1,,2,2014,12,5,200000,1,,20,2,1,,1.1,2,,,,18000,90000,1
953052,1,1,,2,2013,22,14,200000,1,,50,2,1,,1.1,2,,,,13200,110000,2
953053,1,2,1,1,2014,20,13,100000,1,,50,2,1,,1.4,2,,,,5000,65000,2
953080,1,2,1,2,2020,5,4,25000,1,,5,2,1,,0.5,2,,,,5000,20000,2
953093,1,1,,2,2014,25,19,180000,2,,65,2,1,,3,1,2,1,9,6000,110000,2
953096,1,1,,2,2015,25,19,105000,1,,30,2,1,,0.2,2,,,,8500,75000,2
953099,1,1,,1,2012,30,21,280000,1,,60,2,1,,1.3,2,,,,13400,220000,1
953103,1,1,,2,2011,25,15,200000,1,,90,2,1,,1.24,2,,,,8000,130000,2
953105,1,2,2,2,2015,20,15,130000,1,,50,2,1,,2,2,,,,7300,105000,2
953112,1,1,,2,2018,30,27,160000,3,1,,2,1,,1.3,2,,,,8000,137000,2
953116,1,1,,2,2012,30,20,150000,1,,15,2,1,,0.2,2,,,,8160,88000,2
953133,1,1,,2,2016,15,10,90000,1,,5,1,,2.7,,2,,,,5600,60000,2
953134,1,2,2,2,2018,30,27,180000,1,,100,1,,1.2,,2,,,,8400,155000,2
953150,1,1,,2,2016,10,5,300000,1,,40,1,,2,,2,,,,31200,175000,1
953161,1,1,,2,2020,30,30,240000,1,,80,1,,2,,2,,,,5000,230000,2
953172,1,2,2,2,2017,5,1,60000,3,1,,1,,1.8,,2,,,,12912,25000,1
953173,1,1,,2,2010,30,19,190000,1,,100,2,2,,8,2,,,,7680,140000,2
953179,1,1,,1,2005,20,20,600000,1,,80,1,,3,,1,1,,,9000,450000,1
953185,1,1,,2,2001,30,0,125000,1,,90,3,2,2,2,1,1,,,0,125000,2
953200,1,1,,2,1999,25,5,170000,1,,80,3,2,1,2,2,,,,9000,40000,2
953211,1,2,1,1,2019,35,32,600000,1,,80,3,2,2,3.5,2,,,,15000,520000,1
953216,1,1,,2,2018,30,27,187000,1,,80,3,2,1.5,1.8,2,,,,8040,164000,2
953227,1,1,,2,2011,25,15,300000,1,,80,1,,2,,2,,,,13200,181200,2
953232,1,1,,2,2018,30,27,150000,1,,50,1,,2,,2,,,,7800,126000,2
953257,1,1,,2,2008,30,19,215000,1,,100,2,2,,3,1,2,1,12,5000,160000,2
953279,1,1,,2,2005,30,15,180000,1,,30,2,1,,2,2,,,,7920,100000,2
953280,1,2,1,2,2019,25,22,250000,1,,50,2,2,,1,2,,,,10500,205000,1
953292,1,1,,2,2011,30,20,300000,1,,100,1,,4,,2,,,,12000,220000,2
953296,1,1,,2,2018,30,27,80000,1,,20,1,,2,,2,,,,8500,70000,2
953306,1,1,,2,2010,30,19,280000,1,,80,2,2,,1.1,2,,,,9000,230000,2
953315,1,1,,2,2013,25,18,200000,1,,80,2,1,,1,1,2,1,18,2700,185000,2
953327,1,1,,2,2004,30,13,270000,1,,90,2,2,,1,1,2,1,12,3600,170000,2
953336,1,2,1,2,2018,25,22,150000,1,,50,1,,1,,2,,,,6000,135000,2
953373,1,1,,2,2011,24,14,180000,1,,30,2,1,,3.5,2,,,,9500,150000,2
953383,1,1,,2,2019,20,18,100000,1,,30,2,1,,1.3,2,,,,6200,88000,2
953399,1,2,1,2,2009,30,18,355000,1,,30,2,2,,1,2,,,,14160,220000,2
953400,1,1,,2,2012,30,21,140000,1,,80,2,1,,1.2,2,,,,6600,126000,2
953437,1,1,,2,2020,20,19,100000,1,,90,1,,2,,2,,,,4800,96000,2
953445,1,1,,2,2017,20,16,400000,1,,80,2,1,,1,1,2,1,12,0,350000,2
953449,1,1,,2,2008,25,12,170000,1,,100,2,2,,2,2,,,,7800,100000,2
953461,1,1,,2,2016,20,15,180000,1,,100,2,1,,1,1,2,1,12,9000,130000,2
953475,1,1,,2,2012,30,21,300000,1,,90,1,,1.4,,2,,,,14000,200000,2
953476,1,1,,2,2001,25,5,150000,1,,100,1,,1.3,,2,,,,0,60000,1
953500,1,1,,1,2016,10,5,250000,2,,50,2,2,,1,1,2,1,24,15400,150000,2
953520,1,1,,2,2011,25,15,150000,3,1,,3,1,3,2,2,,,,7200,78000,2
953545,1,1,,2,2019,20,18,390000,1,,60,1,,1,,1,2,1,6,13800,320000,2
953647,1,2,1,2,2008,20,7,240000,1,,100,1,,6,,1,1,,,0,60000,2
953692,1,1,,2,2013,25,18,180000,1,,50,2,1,,2,2,,,,7000,125000,2
953699,1,1,,2,2015,20,14,200000,1,,60,2,1,,2,2,,,,12000,150000,1
953886,1,2,2,2,2006,30,14,200000,1,,50,2,1,,1.2,2,,,,8000,120000,2
953888,1,1,,2,2017,30,26,400000,1,,40,1,,1,,2,,,,17000,332000,1
953897,1,1,,2,2012,15,6,600000,1,,80,1,,1.8,,2,,,,30000,250000,2
953898,1,2,1,2,2014,30,27,220000,1,,80,1,,1.8,,2,,,,8500,200000,1
953904,1,2,1,1,2016,25,19,250000,1,,100,1,,1.2,,2,,,,12000,196000,2
953920,1,2,2,2,2006,30,15,280000,1,,80,2,2,,2,2,,,,11000,190000,2
953947,1,2,1,2,2017,20,16,200000,1,,45,2,2,,0.6,2,,,,10800,175000,2
953975,1,1,,2,2016,30,25,208000,1,,100,1,,2.6,,2,,,,9984,187400,2
954006,1,1,,2,2018,20,17,200000,1,,77,1,,2,,2,,,,12000,164000,2
954007,1,1,,2,2014,30,24,220000,1,,40,2,2,,1.3,2,,,,10800,160000,2
954018,1,1,,2,2015,30,24,70000,1,,56,1,,1,,2,,,,2700,58000,1
954036,1,1,,2,2010,25,15,213000,1,,90,2,1,,1.5,2,,,,12000,143000,2
954041,1,1,,2,2017,30,27,190000,1,,76,1,,2.1,,2,,,,10000,156400,2
954041,2,1,,2,2017,5,2,20000,3,1,,1,,3.5,,2,,,,4000,9000,2
954121,1,1,,2,2017,30,26,300000,1,,33,1,,0.5,,2,,,,13000,260000,2
954139,1,1,,2,2015,25,18,240000,1,,90,1,,1,,2,,,,12000,130000,2
954141,1,1,,2,2016,30,25,350000,1,,40,1,,1,,2,,,,16400,250000,2
954181,1,1,,2,2009,25,12,144000,1,,55,1,,1.1,,2,,,,5640,76000,2
954186,1,1,,2,2016,15,9,200000,1,,70,2,1,,1.5,2,,,,15000,126000,2
954186,2,3,,3,2016,15,9,200000,3,1,,1,,1.5,,2,,,,15000,126000,2
954208,1,1,,2,2015,20,14,100000,3,1,,1,,1.5,,2,,,,4800,90000,1
954241,1,1,,2,2011,25,15,100000,1,,80,1,,1.15,,1,2,1,5,2492,60000,2
954243,1,1,,2,2016,12,7,290000,1,,30,1,,1.9,,2,,,,13680,107000,1
954257,1,1,,2,2003,20,2,175000,1,,50,1,,1.7,,2,,,,9600,20000,2
954267,1,1,,2,2010,20,9,100000,1,,65,3,2,0.9,1.5,2,,,,5900,48700,2
954274,1,1,,2,2015,20,14,280000,1,,80,1,,1.2,,2,,,,15000,200000,1
954275,1,1,,2,2017,30,26,275000,1,,70,1,,1.35,,2,,,,9500,246000,1
954361,1,1,,2,2005,20,2,100000,1,,100,1,,3.5,,1,2,1,12,1200,25000,2
954364,1,2,1,1,2016,25,20,270000,1,,100,2,2,,1,2,,,,12550,220000,1
954433,1,1,,2,2005,30,14,220000,1,,70,1,,5,,2,,,,12000,110000,2
954514,1,2,1,2,2017,22,18,160000,1,,70,1,,1,,2,,,,9100,130000,2
954574,1,1,,2,2016,26,22,170000,1,,95,1,,1.4,,2,,,,6300,92000,1
954632,1,1,,2,2011,20,10,440000,1,,80,2,1,,2,2,,,,15000,240000,2
954635,1,1,,2,2018,30,27,52000,1,,50,1,,1,,2,,,,2500,45000,2
954645,1,1,,2,2014,20,13,150000,1,,50,2,1,,0.2,2,,,,12000,110000,2
954714,1,1,,2,2007,20,6,150000,1,,50,1,,1.8,,2,,,,7200,40000,2
954721,1,1,,2,2012,20,11,100000,1,,100,2,1,,3,2,,,,7000,68000,2
954763,1,1,,2,2017,30,21,300000,1,,80,1,,2,,2,,,,10800,200000,1
954815,1,1,,2,2004,30,13,230000,1,,80,2,1,,1,2,,,,12000,100000,2
954898,1,1,,2,2011,30,20,200000,1,,80,1,,1,,2,,,,8800,150000,2
954929,1,1,,2,2011,30,19,150000,1,,80,1,,1,,2,,,,6400,108000,1
954936,1,1,,2,2016,30,25,250000,3,1,,1,,1.4,,2,,,,12144,11111,2
954946,1,1,,2,2011,30,20,205000,1,,80,1,,1.8,,1,2,1,6,4500,172000,2
954955,1,1,,2,2013,35,27,295000,1,,80,2,1,,2,2,,,,10800,180000,2
954960,1,2,2,2,2015,15,9,180000,1,,75,2,1,,1.8,2,,,,18800,18000,2
954964,1,1,,2,2015,35,29,120000,1,,70,2,1,,1,2,,,,4500,100000,2
954977,1,1,,2,2020,30,29,145000,1,,99,1,,3,,2,,,,5000,142000,2
955010,1,1,,2,2017,25,21,140000,1,,70,2,1,,2,2,,,,6500,120000,2
955020,1,1,,2,2011,30,20,130000,1,,100,2,1,,1,2,,,,4800,92000,2
955021,1,1,,2,2016,20,15,100000,1,,90,3,1,2,2,2,,,,7200,90000,2
955073,1,1,,2,2018,25,22,140000,1,,75,1,,4,,2,,,,5800,125000,2
955081,1,2,1,2,2005,25,9,160000,1,,100,2,2,,1,2,,,,7200,70000,1
955104,1,1,,2,2018,30,27,200000,1,,80,2,1,,1,2,,,,7000,190000,2
955106,1,1,,2,2014,30,24,140000,1,,60,1,,2,,2,,,,7000,100000,2
955111,1,1,,2,2012,30,21,200000,1,,70,2,2,,1.25,2,,,,7200,135000,2
955121,1,1,,2,2018,20,17,210000,1,,80,1,,2,,2,,,,13000,190000,2
955150,1,3,,3,2005,30,15,250000,1,,80,2,1,,2,1,1,,,1000,145000,2
955151,1,1,,2,2017,20,18,280000,1,,80,1,,2,,2,,,,6000,250000,2
955151,2,3,,3,2013,20,5,20000,1,,80,1,,4,,2,,,,3000,5000,2
955156,1,1,,2,2006,30,15,224000,1,,100,2,1,,1,2,,,,8400,160000,2
955158,1,1,,2,2017,25,21,280000,1,,60,1,,1,,1,1,,,5000,200000,2
955163,1,1,,2,2002,30,10,200000,1,,50,2,1,,1,2,,,,3400,50000,2
955175,1,1,,2,2015,30,20,220000,1,,80,1,,2,,2,,,,11000,200000,2
955176,1,1,,2,2017,30,25,230000,1,,100,2,1,,1,1,2,1,6,5000,210000,2
955179,1,1,,2,2018,30,26,150000,1,,80,2,1,,1,2,,,,6000,130000,2
955183,1,1,,2,2013,40,32,300000,1,,90,1,,1,,2,,,,12000,250000,2
955204,1,1,,2,2004,20,3,175000,1,,60,2,1,,0.8,2,,,,9400,35000,2
955219,1,1,,2,1994,30,4,75000,1,,100,1,,2.5,,2,,,,5760,24000,2
955224,1,1,,2,2006,25,10,150000,1,,90,1,,1.5,,2,,,,8000,100000,2
955233,1,1,,2,2005,25,10,160000,1,,100,2,2,,3.5,2,,,,4500,36000,2
955267,1,1,,2,2009,30,19,168000,1,,85,2,2,,3.5,2,,,,7000,110000,2
955274,1,1,,2,2007,25,8,150000,1,,40,2,2,,1.4,2,,,,8400,74000,2
955308,1,1,,2,2011,25,16,270000,1,,100,2,2,,3,2,,,,7800,170000,2
955310,1,1,,2,2003,20,3,83000,1,,100,1,,6.5,,1,2,1,12,1500,13200,2
955315,1,1,,2,2005,20,5,100000,1,,100,2,1,,1,2,,,,5880,27000,2
955327,1,1,,1,2004,30,10,100000,1,,50,2,2,,2.5,2,,,,6000,90000,1
955327,2,2,2,2,2012,20,15,33000,1,,5,3,2,2.5,0.2,2,,,,2800,22000,1
955332,1,1,,1,1995,30,5,80000,1,,75,1,,4,,2,,,,1500,30000,1
955335,1,2,1,2,2015,8,2,220000,1,,50,2,1,,0.9,2,,,,30000,62000,2
955342,1,1,,1,2007,20,7,80000,1,,80,1,,3.5,,1,2,1,3,2880,28000,1
955345,1,1,,2,2017,30,26,260000,1,,100,2,1,,0.75,2,,,,12000,240000,1
955361,1,1,,2,2018,15,13,184000,1,,80,1,,0.7,,2,,,,13800,162000,2
955425,1,1,,2,2018,20,18,200000,3,1,,1,,2,,2,,,,14400,170000,2
955426,1,1,,2,2011,30,21,500000,1,,70,1,,6.5,,2,,,,16000,430000,2
955426,2,2,1,3,1998,25,3,103000,3,1,,1,,3,,2,,,,7000,18000,1
955431,1,1,,2,2003,25,7,220000,1,,80,2,1,,2,2,,,,9500,75000,2
955487,1,1,,2,2004,30,17,230000,1,,100,1,,3,,2,,,,13400,160000,1
955488,1,1,,2,2005,30,14,17000,3,1,,2,1,,2,2,,,,7200,10000,2
955488,2,1,,2,2012,20,11,119000,3,1,,2,1,,3,2,,,,8200,90000,2
955598,1,1,,2,2010,30,19,135000,1,,50,1,,1,,2,,,,6000,95000,2
955653,1,1,,2,2013,20,12,300000,1,,60,1,,2.5,,2,,,,20000,140000,2
955679,1,1,,2,2012,25,16,240000,1,,70,1,,2,,2,,,,15000,150000,2
955680,1,2,1,2,2013,20,11,90000,3,1,,1,,0.5,,2,,,,5100,50000,2
955702,1,1,,2,2011,40,20,500000,1,,80,1,,2,,2,,,,20000,300000,2
955710,1,1,,2,2015,25,19,200000,1,,70,1,,2.8,,2,,,,11500,140000,2
955717,1,1,,2,2006,25,11,300000,1,,35,3,2,1,1,2,,,,14000,150000,2
955720,1,1,,2,1997,25,1,65000,1,,80,1,,3,,2,,,,6000,12000,1
955732,1,1,,2,2007,25,10,400000,1,,70,1,,5,,2,,,,17460,200000,2
955750,1,1,,2,2014,20,13,250000,1,,80,1,,3,,2,,,,13000,160000,2
955753,1,1,,2,2006,30,14,350000,1,,63,1,,5,,2,,,,17640,235000,1
955757,1,1,,2,2006,25,10,650000,1,,100,2,1,,1,2,,,,15000,100000,2
955763,1,1,,2,2015,30,24,220000,1,,80,1,,1,,2,,,,9600,200000,2
955777,1,1,,2,2016,25,20,270000,1,,60,1,,0.95,,2,,,,12600,220000,1
955778,1,1,,2,2005,25,10,320000,1,,50,2,2,,1,2,,,,14000,150000,2
955782,1,2,1,2,2010,10,1,80000,1,,80,1,,6,,2,,,,10000,15000,2
955804,1,1,,2,2018,25,23,300000,1,,80,1,,1.32,,2,,,,16000,283000,1
955833,1,1,,2,2020,20,19,226000,1,,70,1,,0.9,,2,,,,12000,226000,1
955853,1,1,,2,2009,30,18,200000,1,,100,1,,2,,2,,,,13200,68000,1
955865,1,1,,1,2017,30,26,300000,1,,70,1,,1.2,,2,,,,12000,270000,2
955874,1,1,,2,2015,30,24,250000,1,,100,1,,1,,2,,,,14000,180000,1
955875,1,1,,2,2017,30,27,370000,1,,100,1,,2,,2,,,,15000,345000,2
955886,1,1,,2,2006,30,15,250000,1,,80,1,,2,,2,,,,11000,150000,2
955919,1,1,,2,2018,30,26,496000,1,,80,2,2,,1,2,,,,19000,450000,2
955920,1,1,,2,2005,25,20,150000,1,,50,1,,1.5,,2,,,,9600,100000,1
955960,1,1,,2,2006,30,15,170000,1,,90,2,1,,5,2,,,,10600,159000,2
955979,1,1,,2,2008,25,14,350000,1,,65,1,,1,,2,,,,14400,186510,1
955983,1,1,,2,2016,30,25,250000,1,,60,1,,1.6,,2,,,,8600,225000,2
955983,2,2,1,2,2016,20,15,50000,3,1,,1,,0.9,,2,,,,2500,42000,2
955997,1,1,,2,2009,24,12,220000,1,,100,1,,4,,2,,,,10200,110000,2
956006,1,1,,2,2015,30,23,400000,1,,80,1,,1.2,,2,,,,1500,332500,2
956017,1,1,,2,2013,35,27,270000,1,,90,1,,2,,2,,,,9000,237000,1
956017,2,2,1,2,2019,10,8,30000,3,1,,1,,3,,2,,,,4000,24000,2
956041,1,1,,2,2010,30,20,300000,1,,60,3,2,2,1.1,2,,,,13000,216000,2
956056,1,1,,2,2010,25,14,200000,1,,90,1,,2,,2,,,,12000,150000,2
956098,1,1,,2,2011,30,20,300000,1,,50,3,1,1.2,0.2,1,2,1,6,3000,200000,1
956118,1,1,,2,2017,30,26,185000,1,,66,1,,1.8,,2,,,,8400,171493,2
956141,1,1,,2,2010,30,19,250000,1,,90,2,1,,3,1,2,1,5,12000,120000,2
956237,1,2,2,2,2019,2,1,10000,3,1,,1,,1.3,,2,,,,830,9160,2
956247,1,1,,2,2017,25,21,185000,1,,70,1,,1.9,,2,,,,8640,175000,2
956262,1,1,,2,2015,25,20,400000,1,,70,1,,2,,2,,,,17000,254000,2
956353,1,1,,2,2015,30,25,225000,1,,100,1,,1.5,,2,,,,9600,198000,1
956365,1,1,,2,2005,30,15,160000,1,,80,1,,2,,2,,,,5400,80000,2
956366,1,1,,2,2012,30,22,160000,1,,80,1,,2.5,,2,,,,6000,112000,2
956376,1,1,,2,2018,30,28,180000,1,,100,1,,2.5,,2,,,,7200,165000,2
956507,1,1,,2,2019,25,23,330000,1,,80,1,,5,,2,,,,14400,316000,2
956523,1,1,,2,2016,20,16,60000,1,,70,1,,4.5,,2,,,,3000,48000,2
956523,2,1,,2,2006,15,1,15000,2,,70,1,,5,,2,,,,3000,3000,2
956645,1,1,,2,2008,30,18,80000,1,,80,2,1,,5,2,,,,6000,52000,2
956660,1,1,,2,2019,30,28,150000,1,,80,1,,1.2,,2,,,,5000,140000,2
956665,1,1,,2,2017,25,21,240000,3,1,,1,,1.5,,2,,,,10800,189000,2
956672,1,1,,2,2019,25,23,220000,1,,90,1,,3,,2,,,,11300,202000,2
956781,1,1,,2,2012,25,16,280000,1,,60,3,2,0.9,3,2,,,,17280,100000,2
956800,1,1,,2,2015,25,20,300000,1,,50,2,2,,2.75,2,,,,14400,250000,1
956801,1,2,1,2,2018,10,8,80000,3,1,,2,1,,6,2,,,,12000,52000,2
956807,1,1,,2,2015,15,10,80000,1,,70,1,,1.95,,2,,,,4608,42229,2
956892,1,1,,2,2016,30,24,110000,1,,80,1,,2,,1,2,1,12,1000,100000,2
956898,1,1,,1,2019,10,9,60000,1,,50,3,1,9,3,2,,,,11000,45000,2
956898,2,3,,3,2010,20,9,137000,2,,80,2,1,,5.25,2,,,,11000,90000,2
956905,1,1,,2,2016,30,25,130000,1,,50,1,,6,,2,,,,4440,100000,2
956923,1,1,,2,2016,20,16,120000,1,,65,1,,6,,2,,,,15600,97700,2
956938,1,1,,2,2015,30,24,130000,1,,75,1,,4,,2,,,,6000,125000,2
956939,1,1,,2,2015,30,25,135000,1,,75,2,2,,1.56,1,2,1,18,3000,118000,2
956939,2,1,,2,2011,30,20,133000,2,,85,2,2,,0.59,2,,,,4339,104000,2
957009,1,1,,2,2007,30,16,250000,1,,40,2,2,,0.15,2,,,,7700,165000,2
957020,1,1,,2,2017,25,21,180000,1,,75,1,,1,,2,,,,9000,162000,1
957033,1,1,,2,2017,30,26,140000,1,,50,1,,2,,2,,,,8000,130000,2
957137,1,1,,2,2000,20,5,40000,1,,60,3,2,8,5,1,1,,,0,15000,1
957137,2,2,1,1,2017,4,4,20000,1,,30,1,,9,,1,1,,,2000,10000,1
957206,1,1,,2,2015,25,19,100000,1,,100,1,,1.5,,2,,,,4500,70000,2
957225,1,2,2,2,2002,30,11,30000,1,,100,1,,6,,1,1,,,0,10000,2
957296,1,2,2,2,2010,20,10,250000,1,,60,1,,1.5,,2,,,,12700,120000,2
957303,1,1,,2,2010,30,14,270000,1,,100,1,,2.5,,2,,,,9600,163000,2
957307,1,1,,2,2017,20,16,200000,1,,50,3,1,0.9,0.9,2,,,,12000,180000,2
957315,1,1,,2,2018,15,11,140000,1,,55,1,,1,,2,,,,10800,125000,2
957386,1,1,,2,2019,25,23,180000,1,,100,1,,2,,2,,,,7800,170000,2
957492,1,1,,2,2009,30,19,163000,1,,100,1,,0.9,,2,,,,10000,120000,1
957506,1,1,,2,2018,30,27,170000,1,,100,1,,1,,2,,,,6000,18000,2
957545,1,1,,2,2010,20,8,97000,1,,46,1,,4.16,,2,,,,5500,55000,2
957548,1,1,,2,2007,25,12,100000,1,,40,2,2,,0.8,2,,,,4000,57000,2
957548,2,1,,2,2007,25,15,125000,1,,45,1,,5.7,,2,,,,5000,70000,1
957552,1,1,,2,2017,25,20,190000,1,,80,1,,2.15,,2,,,,10000,172000,1
957556,1,1,,1,2010,25,15,146000,1,,80,1,,2,,2,,,,10800,120000,2
957579,1,1,,2,2007,25,10,250000,1,,80,2,2,,1.7,2,,,,11000,110000,2
957610,1,1,,1,2010,15,5,100000,1,,50,2,1,,1.5,2,,,,7656,38280,2
957661,1,1,,2,2006,20,1,90000,1,,70,1,,2,,2,,,,11000,17000,1
957674,1,1,,2,2013,27,20,296000,1,,80,1,,1.05,,2,,,,13000,222000,1
957677,1,1,,2,2019,25,23,170000,1,,90,1,,2,,2,,,,7200,152800,1
957684,1,1,,2,2018,20,17,160000,1,,70,1,,2,,2,,,,9600,131200,2
957687,1,1,,1,2010,30,19,195000,1,,100,2,1,,2,2,,,,6600,125400,1
957692,1,1,,2,2017,30,26,180000,1,,90,1,,1.2,,2,,,,9000,144000,1
957693,1,1,,2,2017,30,27,103000,1,,70,1,,1.6,,2,,,,4632,89104,2
957696,1,1,,2,2011,20,10,65000,1,,85,1,,2,,2,,,,3000,35000,2
957705,1,1,,2,2013,30,22,175000,1,,100,2,1,,1.5,2,,,,2160,47520,2
957705,2,1,,1,2014,8,2,30000,1,,20,1,,1.2,,2,,,,3888,7700,2
957709,1,1,,1,2010,14,4,162000,1,,75,1,,3.45,,2,,,,9600,55000,1
957711,1,1,,2,2018,25,22,155000,1,,80,1,,1.9,,2,,,,7300,135000,2
957713,1,1,,2,2010,30,19,170000,1,,100,2,2,,1.6,2,,,,7800,148200,2
957721,1,1,,2,2007,22,6,180000,1,,35,2,1,,9,2,,,,8000,35000,2
957746,1,1,,2,2006,30,15,140000,2,,100,2,1,,1.8,2,,,,6000,110000,2
957760,1,1,,2,2009,30,19,200000,1,,100,2,1,,3,2,,,,8400,150000,2
957775,1,1,,2,2008,15,3,150000,1,,100,2,1,,2,2,,,,9600,30000,2
957778,1,1,,2,2014,25,19,180000,1,,100,2,1,,3,2,,,,8500,140000,2
957780,1,1,,2,2018,15,13,120000,1,,100,2,1,,3,2,,,,4500,115000,2
957931,1,1,,2,2017,20,16,130000,1,,70,1,,1,,2,,,,8400,110000,2
957938,1,1,,2,2018,25,21,170000,1,,80,1,,2,,2,,,,12000,155000,2
957938,2,2,1,2,2019,5,4,15000,3,1,,1,,4,,2,,,,3000,10000,2
957938,3,2,2,2,2018,5,1,5000,3,1,,1,,6,,2,,,,1600,1500,2
957955,1,1,,2,2016,40,36,220000,1,,80,1,,1.2,,2,,,,6108,213000,2
957983,1,1,,2,2012,30,21,200000,3,1,,2,1,,3,2,,,,7200,130000,2
957988,1,1,,2,2016,30,26,170000,1,,100,1,,6,,2,,,,9600,130000,2
957993,1,1,,2,2003,30,10,200000,1,,100,2,1,,3,2,,,,7200,80000,2
958003,1,1,,2,2012,30,21,180000,1,,80,2,1,,5,2,,,,5400,120000,2
958051,1,1,,2,2011,25,16,145000,1,,100,1,,2,,2,,,,9960,125000,2
958055,1,1,,2,2006,30,15,120000,1,,100,2,1,,3,1,1,,,1600,85000,2
958064,1,1,,2,2019,30,28,195000,1,,76,2,1,,1.4,2,,,,7740,186111,2
959058,1,1,,2,2019,20,19,180000,1,,50,2,1,,2,2,,,,11000,170000,2
959098,1,3,,3,2004,20,13,150000,3,1,,1,,1,,1,2,1,3,10000,40000,2
959131,1,1,,2,2005,20,4,150000,1,,80,3,1,3,2,2,,,,5500,20000,2
959238,1,2,1,3,2017,10,7,80000,1,,20,3,1,2,3,2,,,,7200,50000,2
959264,1,1,,3,2007,30,17,400000,1,,67,1,,2,,2,,,,19000,218000,2
959315,1,1,,2,2019,20,19,300000,1,,100,1,,1.5,,2,,,,15000,285000,2
959351,1,1,,2,2011,15,5,100000,1,,20,2,1,,3,2,,,,7200,45000,2
959381,1,1,,2,2019,20,18,170000,1,,80,2,1,,0.9,2,,,,9000,140000,2
959381,2,2,1,2,2019,5,3,45000,3,1,,1,,3,,2,,,,4500,25000,2
959396,1,1,,2,2014,15,8,200000,1,,95,2,1,,1.1,2,,,,18000,144000,2
960223,1,1,,2,2019,20,18,90000,3,1,,1,,2,,2,,,,6000,80000,2
960254,1,1,,2,2019,10,8,100000,1,,80,2,1,,2.5,2,,,,10000,85000,2
960411,1,1,,1,2017,25,18,97000,1,,80,1,,1.45,,2,,,,4524,80000,1
960433,1,1,,2,2019,20,18,65000,1,,40,1,,2,,2,,,,4800,45000,2
960434,1,1,,1,2003,27,10,200000,1,,100,1,,5,,2,,,,9048,80000,1
960481,1,1,,2,2019,15,13,95000,1,,66,1,,1.5,,2,,,,7200,80000,2
960510,1,1,,2,2018,20,17,123000,1,,61,1,,1.1,,2,,,,6913,107000,1
960637,1,1,,2,2019,10,7,60000,1,,30,1,,1,,2,,,,7500,52000,2
960682,1,1,,2,2010,21,11,460000,1,,80,2,2,,1,2,,,,24000,220000,2
960743,1,1,,2,2018,15,13,100000,1,,25,1,,1.4,,2,,,,7500,90000,2
960747,1,2,2,2,2019,2,1,1200,3,1,,1,,6,,2,,,,600,350,2
960897,1,2,1,2,2020,5,4,50000,3,1,,2,1,,5,2,,,,4000,48000,2
960953,1,1,,2,2019,20,18,400000,1,,80,1,,3.8,,2,,,,19200,350000,2
961124,1,1,,2,2018,25,23,145000,1,,80,1,,3,,2,,,,6050,133000,2
961264,1,1,,2,2017,30,26,180000,1,,100,1,,2.2,,2,,,,6000,156000,2
961356,1,1,,2,2008,20,8,75000,1,,80,2,1,,2,2,,,,4800,40000,2
961579,1,1,,2,2007,25,12,140000,1,,90,1,,2,,2,,,,9000,104000,2
961601,1,2,1,2,2017,20,17,90000,3,1,,1,,5,,2,,,,6240,71280,2
961701,1,1,,1,2000,30,9,65000,1,,35,1,,5,,2,,,,5000,45000,1
963653,1,1,,2,2014,20,3,110000,1,,40,2,2,,3,2,,,,6600,25000,2
964285,1,1,,2,2005,30,15,220000,1,,100,1,,1.25,,2,,,,4200,80000,1
964294,1,1,,2,2013,20,12,500000,1,,35,2,1,,0.9,2,,,,30000,360000,2
964539,1,1,,2,2005,30,14,135000,1,,100,1,,1.3,,2,,,,4640,70000,2
967281,1,1,,2,2018,30,27,160000,1,,95,1,,2,,2,,,,7800,130000,2
967629,1,1,,2,2007,25,15,320000,1,,100,2,1,,2,2,,,,13000,160000,1
967647,1,1,,2,2018,20,18,150000,1,,100,1,,2.5,,2,,,,8000,125000,2
970196,1,1,,2,2017,30,26,160000,1,,80,1,,1.5,,2,,,,7200,144000,1
970336,1,1,,2,2016,30,25,195000,1,,95,1,,1.22,,2,,,,8000,180000,1
970357,1,1,,2,2013,12,5,80000,1,,50,2,1,,3,2,,,,8400,52000,2
970630,1,1,,2,2013,20,5,240000,1,,60,1,,0.95,,2,,,,15916,86377,1
970716,1,1,,2,2019,15,13,125000,1,,35,1,,0.3,,2,,,,8500,107000,2
970740,1,1,,2,2017,20,16,200000,3,1,,1,,3,,2,,,,12000,150000,2
970819,1,1,,2,2018,15,12,105000,1,,64,1,,1.48,,2,,,,7872,97128,2
970845,1,1,,2,2012,35,26,150000,1,,90,1,,1.2,,2,,,,4800,110000,1
971131,1,2,1,2,2015,20,15,140000,1,,80,1,,2.4,,2,,,,7500,105000,2
971166,1,1,,2,2005,25,10,150000,1,,70,2,2,,0.9,2,,,,7000,65000,2
971349,1,2,2,2,2014,12,5,60000,1,,10,2,1,,1,2,,,,3500,15000,2
971476,1,1,,2,2016,20,16,160000,1,,70,1,,3,,2,,,,9600,145000,1
971659,1,1,,2,2008,30,18,150000,1,,100,1,,7,,2,,,,5000,80000,2
972798,1,1,,2,2012,40,30,90000,3,1,,3,2,5,1,2,,,,5160,30000,2
973177,1,1,,2,2016,20,14,152000,1,,50,1,,1.4,,2,,,,8300,126000,1
973198,1,1,,2,2015,20,15,130000,1,,50,1,,1.5,,2,,,,7800,117000,2
973304,1,1,,2,2010,20,9,150000,3,1,,1,,3,,2,,,,7800,80000,2
973307,1,1,,2,2015,15,9,130000,1,,80,1,,6,,2,,,,10800,71000,2
973334,1,1,,2,2011,20,9,200000,1,,30,2,1,,3,2,,,,9600,100000,2
973354,1,1,,2,2018,30,27,188000,1,,80,1,,2,,1,2,1,6,4200,183000,2
973405,1,2,1,1,2020,15,14,38000,1,,20,1,,1.45,,2,,,,2820,33000,1
974073,1,1,,2,2017,30,26,100000,1,,70,1,,2,,2,,,,3000,80000,2
974075,1,1,,2,2018,20,17,120000,1,,70,1,,0.7,,2,,,,6000,108000,2
974153,1,1,,2,2002,25,7,150000,3,1,,1,,3,,1,2,1,10,6000,45000,2
974174,1,1,,2,2005,25,10,120000,1,,50,1,,3,,2,,,,6000,60000,2
974481,1,1,,2,2020,10,9,60000,1,,80,2,1,,0.8,2,,,,6500,58000,2
974630,1,1,,2,2009,20,8,225000,1,,90,2,2,,2,2,,,,9600,125000,2
975474,1,1,,2,2017,30,27,150000,1,,80,1,,2.2,,2,,,,5000,105000,2
