NQUEST,NORDEB3,DEBM3,DEBGAR3,DEBPERS3,DEBRF3,ANMUTUO3,MUTUODU3,MUTUOIN3,SOSPENS3,SOSPEORA3,RIPPAG3,TMUTUOAB3,TDEBITA3,TIPOTAX3,TAEG3
3717,1,4,4,1,1,2020,1,600,2,,,700,80,1,5
23797,1,4,1,,2,2012,15,90000,2,,,6000,36000,1,3
32729,1,1,2,,1,2010,10,100000,2,,,9600,15000,2,3.5
32734,1,1,4,1,2,2016,7,14000,2,,,2760,8280,1,6
36409,1,1,4,1,3,2016,5,18000,2,,,4200,3500,1,0.2
38885,1,2,4,1,2,2019,1,7000,2,,,3600,1500,3,
53373,1,1,4,1,2,2017,5,8000,2,,,2500,7500,1,0.6
55636,1,4,4,1,2,2019,3,10000,2,,,3600,7500,1,1
57621,1,4,4,1,2,2020,7,12000,2,,,1600,10500,1,2
389084,1,1,4,2,1,2018,10,28800,2,,,2880,20160,1,3
500726,1,1,4,1,2,2020,5,12000,2,,,1200,10800,1,4.5
503560,1,1,4,1,2,2017,4,6000,2,,,1860,2000,2,5
503560,2,1,4,1,2,2018,4,6000,2,,,1600,3000,3,
505390,1,1,4,1,2,2020,4,25000,2,,,2400,22200,1,0.8
506738,1,1,4,1,2,2020,5,8800,2,,,2000,7000,1,1
507444,1,4,4,1,1,2019,7,25000,2,,,3600,20800,1,9.45
510433,1,2,4,1,2,2019,1,2000,2,,,2000,2000,1,9
511757,1,4,4,2,2,2019,10,10000,2,,,1000,9000,1,5
512517,1,1,4,1,2,2018,3,7500,2,,,2760,2500,1,10
512517,2,1,4,1,2,2018,2,5000,2,,,2000,0,1,10
512517,3,2,4,1,2,2020,1,500,2,,,300,200,3,
513406,1,1,4,1,2,2017,6,10000,2,,,3000,8000,1,3
615399,1,1,4,1,2,2016,5,5000,2,,,2556,1491,1,3
620858,1,4,4,1,2,2019,3,6000,2,,,2400,2400,2,4
623606,1,2,4,1,2,2019,2,2500,2,,,1250,1250,3,
635112,1,2,1,,2,2020,2,110,2,,,50,60,3,
635112,2,2,1,,2,2020,2,560,2,,,310,250,3,
670762,1,2,4,1,2,2020,3,2800,2,,,650,2000,1,12
671362,1,1,4,1,2,2018,3,7000,2,,,2700,4000,1,2
671480,1,2,4,1,2,2020,5,1700,2,,,350,1350,1,12
671520,1,2,4,1,2,2020,3,6000,2,,,2200,4000,2,1
671893,1,2,4,1,2,2019,2,2000,2,,,1200,1200,1,4
674019,1,1,4,2,1,2015,10,80000,2,,,8500,40000,1,8
674019,2,5,4,1,2,2020,1,2600,2,,,1300,1300,3,
676851,1,4,4,1,2,2016,10,20000,2,,,4800,9000,1,4
680244,1,1,4,1,2,2019,4,12000,2,,,3600,7000,1,2.5
680870,1,1,1,,2,2017,7,288,2,,,258,288,2,1
681097,1,1,1,,2,2017,6,8000,2,,,1800,3500,1,1.5
681713,1,1,4,1,2,2019,4,10000,2,,,2600,7800,2,3
682298,1,2,4,1,2,2018,3,9000,2,,,3200,3000,1,2
682359,1,2,4,1,2,2020,1,600,2,,,300,300,3,
682408,1,1,5,,2,2020,6,9000,2,,,1680,8400,1,6
682969,1,4,4,1,2,2016,5,15000,2,,,3600,1400,1,1
683119,1,2,1,,2,2020,2,2600,2,,,1500,1000,3,
685058,1,1,5,,2,2020,4,11000,2,,,1884,9116,1,2
685297,1,1,1,,2,2018,5,16800,2,,,3360,10080,1,4
685297,2,1,1,,2,2018,3,10000,2,,,3840,6400,1,4
686528,1,4,4,1,2,2016,7,16000,1,2,1,2430,8170,1,8.45
687699,1,1,1,,1,2017,4,10000,2,,,1800,900,1,7
687699,2,4,4,2,2,2020,4,11000,2,,,1200,9800,1,2
704911,1,1,4,1,2,2018,3,5000,2,,,1680,700,3,
709420,1,1,4,1,2,2017,5,12000,2,,,3240,6480,2,5
721548,1,1,4,2,1,2020,5,10000,2,,,2400,6200,1,2
721548,2,2,4,1,2,2020,3,2900,2,,,840,1710,3,
721871,1,1,4,1,2,2018,3,9000,2,,,3500,3000,1,5.1
721871,2,2,4,1,2,2020,1,1500,2,,,1500,0,1,2.5
722518,1,1,4,1,2,2019,3,12000,2,,,2880,7000,3,
725701,1,1,1,,2,2018,10,11000,2,,,1920,7000,1,2
732013,1,1,1,,2,2017,6,30000,2,,,6000,18000,1,6
733713,1,2,4,1,2,2020,1,600,2,,,120,480,3,
735143,1,1,1,,2,2017,4,11000,2,,,3400,1000,1,6
735621,1,1,1,,2,2018,4,10000,2,,,3600,5000,1,5
735659,1,1,1,,2,2019,5,17000,2,,,2500,14000,1,7
736917,1,1,5,,2,2019,7,18000,2,,,4320,11000,1,2
736935,1,2,4,1,2,2017,7,50000,2,,,7200,18000,1,2
801279,1,1,1,,2,2016,5,10000,2,,,3360,3080,1,8
802349,1,2,4,1,2,2020,1,1000,2,,,500,500,3,
805330,1,2,4,1,2,2020,2,800,2,,,400,800,3,
806560,1,1,4,1,2,2019,3,7000,2,,,1300,5600,1,4.2
806563,1,1,1,,2,2020,10,19000,2,,,1200,18000,2,2
807054,1,4,5,,2,2019,2,2000,2,,,1800,0,1,6
807146,1,1,1,,2,2019,4,11000,2,,,2760,5000,1,2.6
807146,2,1,1,,2,2020,3,8400,2,,,500,5900,1,8.2
813729,1,1,4,1,2,2020,4,8000,2,,,250,7750,1,7
814586,1,1,1,,2,2019,5,12000,2,,,2400,9600,1,5
814889,1,1,4,1,2,2018,3,7000,2,,,2040,170,1,5
815960,1,1,4,1,2,2017,5,13000,2,,,3200,3280,2,5
815960,2,1,4,1,2,2019,5,10000,2,,,2040,7960,1,5
827188,1,4,4,1,2,2019,4,10000,2,,,3000,8000,3,
851172,1,1,4,1,2,2020,3,5000,2,,,1680,5000,1,5
852130,1,1,4,1,2,2018,5,20000,2,,,5640,10000,1,3.15
855259,1,1,1,,2,2017,5,7000,2,,,1680,2800,1,3.5
856297,1,1,4,1,2,2020,1,12000,2,,,2000,10000,1,3
856297,2,2,4,1,2,2020,1,100,2,,,50,0,1,1
860704,1,1,1,,2,2019,5,13800,2,,,2800,10000,2,3
862302,1,4,4,1,2,2017,5,10000,2,,,4320,2520,1,5
862314,1,4,4,1,2,2020,1,1200,2,,,300,900,1,0.2
862462,1,1,4,2,2,2019,5,10000,2,,,3350,7500,2,5
862583,1,1,4,1,2,2019,6,17000,2,,,2640,15000,1,6
863402,1,1,4,1,2,2018,4,12000,2,,,2500,5000,1,3
865780,1,1,1,,2,2019,5,12000,2,,,3500,10000,3,
865806,1,2,1,,2,2019,2,400,2,,,200,200,1,0.2
867205,1,1,4,1,2,2016,5,15000,2,,,4200,4200,2,2
867653,1,4,4,1,2,2019,2,1500,2,,,900,150,1,20
867914,1,5,4,1,2,2015,7,21000,2,,,3000,6000,1,5.06
868098,1,1,4,1,2,2019,5,13000,2,,,2400,8000,1,5
869003,1,1,4,2,2,2020,10,20000,2,,,400,19600,1,1.5
872190,1,1,4,1,2,2019,6,10000,2,,,2300,6000,1,2
872190,2,1,4,1,2,2016,5,25000,2,,,3700,4000,1,2
874325,1,1,1,,2,2014,7,20000,2,,,4800,1600,1,4
874515,1,1,4,1,2,2016,7,22000,2,,,6000,10000,1,9.4
875011,1,1,1,,2,2020,3,20000,2,,,600,8400,1,4
875426,1,1,4,1,2,2017,4,7200,2,,,1836,300,1,4
875426,2,4,4,1,2,2020,1,1180,2,,,118,600,1,1
875523,1,1,1,,2,2020,7,13400,2,,,1200,12000,1,3.9
876272,1,2,4,1,2,2020,2,1100,2,,,600,500,3,
876272,2,2,4,1,2,2020,1,1000,2,,,500,500,3,
876833,1,4,4,1,2,2016,5,3000,2,,,1300,1300,1,6
877285,1,2,4,1,2,2020,2,1600,2,,,800,800,3,
877752,1,1,1,,2,2020,3,13000,2,,,4200,8800,3,
878834,1,1,1,,2,2017,6,21000,2,,,4332,8000,1,1.5
879257,1,1,4,1,2,2018,5,20000,2,,,4800,4000,3,
879257,2,1,4,1,2,2019,5,8000,2,,,1800,6200,3,
879257,3,2,4,1,2,2019,2,900,2,,,450,450,3,
879257,4,2,4,1,2,2018,2,700,2,,,400,0,3,
879319,1,1,4,2,1,2019,10,30000,2,,,4608,28000,1,7
879319,2,2,4,1,2,2020,5,5000,2,,,2400,3500,1,7
879319,3,2,4,1,2,2017,5,2800,2,,,700,1500,1,5
879494,1,4,4,1,2,2016,5,3500,2,,,1300,1300,1,10
880581,1,1,1,,2,2019,4,11500,2,,,4560,4629,1,5
880827,1,1,1,,2,2018,4,16000,2,,,3600,3600,1,2
883762,1,2,4,1,2,2019,2,4000,2,,,2400,1200,1,9
884680,1,2,4,1,2,2020,2,1800,2,,,200,1600,3,
884685,1,4,4,1,2,2020,2,900,2,,,200,700,3,
885625,1,1,4,1,2,2020,11,15000,2,,,3600,11400,1,6
886419,1,1,1,,2,2020,5,8000,2,,,1960,6000,1,5
886419,2,4,4,1,1,2012,10,20000,2,,,4000,4500,2,6
886721,1,2,4,1,2,2019,2,2000,2,,,1500,1500,3,
888390,1,4,4,1,2,2010,5,7000,2,,,1200,5600,1,7.2
889047,1,1,4,1,2,2020,6,13000,2,,,2200,7000,1,5
889192,1,4,5,,2,2019,6,12000,2,,,2000,10000,3,
889378,1,2,4,1,2,2018,3,3000,2,,,1200,700,1,4
889497,1,1,4,1,2,2017,4,17000,2,,,4500,4500,1,4
889577,1,4,4,1,2,2019,7,7387,2,,,1608,6310,1,15
889577,2,4,4,2,2,2017,4,3000,2,,,800,500,1,11
889711,1,1,1,,2,2019,5,10600,2,,,2640,8700,3,
889715,1,1,1,,2,2018,6,20000,2,,,4500,4500,2,6
892336,1,1,4,1,2,2019,3,9200,2,,,2760,5520,1,7
892838,1,4,4,1,2,2014,8,40000,2,,,5500,10000,1,6.7
892941,1,1,1,,2,2020,5,19000,2,,,1200,18000,1,6
893402,1,1,4,1,2,2017,4,6000,2,,,2000,2000,1,1.5
896996,1,1,4,1,2,2018,8,21500,2,,,4000,11500,1,4.5
897127,1,1,4,1,2,2019,5,10000,2,,,2928,7072,1,5
898191,1,2,4,1,2,2020,1,1406,2,,,1197,399,3,
898401,1,1,1,,2,2016,7,15000,2,,,3000,6000,1,7
899501,1,1,4,1,2,2020,3,7000,2,,,1500,5500,3,
899895,1,1,1,,2,2019,3,3500,2,,,1220,1200,1,0.1
900573,1,1,1,,2,2017,4,7000,2,,,2725,2500,1,5
900573,2,2,4,1,2,2018,3,3600,2,,,1500,900,1,4
902401,1,2,4,1,2,2018,2,5000,2,,,2600,0,1,4
902680,1,4,4,2,2,2020,10,20000,2,,,2400,17600,1,5
902913,1,1,4,1,2,2019,5,7000,2,,,1680,6000,1,4
902916,1,1,4,1,2,2018,4,15000,2,,,4200,5600,1,2.2
902916,2,1,4,1,2,2019,2,7000,2,,,3780,3500,1,2.5
904927,1,1,1,,2,2020,3,16000,2,,,250,15750,1,5.17
905220,1,4,4,1,2,2018,4,11000,2,,,3240,5640,1,7
906080,1,1,1,,2,2018,5,8000,2,,,1250,1250,1,4
906080,2,2,4,1,2,2020,1,1000,2,,,50,950,1,4
906545,1,2,1,,2,2018,3,5000,2,,,800,2000,3,
906948,1,1,1,,2,2019,3,10000,2,,,2916,4600,1,5
908516,1,1,5,,2,2020,4,9000,2,,,1000,7000,1,1
908711,1,1,4,1,2,2018,4,11000,2,,,3000,5500,1,8
909244,1,1,4,1,2,2020,3,15000,2,,,2100,13000,1,5
909442,1,1,4,1,2,2019,5,10000,2,,,2400,7000,1,5
909632,1,5,4,1,2,2015,10,10000,2,,,1100,5000,2,4
909745,1,1,1,,2,2016,5,14000,2,,,3400,3400,1,7
909745,2,2,4,1,2,2018,3,6600,2,,,2700,2960,3,
909978,1,4,4,1,2,2020,2,1200,2,,,200,1000,1,5
910274,1,1,1,,2,2019,5,140000,2,,,20000,110000,1,4
910274,2,1,1,,2,2017,4,70000,2,,,15000,30000,1,4
910274,3,1,1,,2,2018,4,74000,2,,,18000,40000,1,4
910274,4,1,1,,2,2016,4,15000,2,,,3600,3000,1,4
910476,1,1,1,,2,2017,4,14600,2,,,4100,4550,1,6.4
910714,1,2,4,1,2,2020,2,2500,2,,,1300,1200,3,
910994,1,1,4,1,2,2020,5,6000,2,,,2670,4000,1,6.5
911087,1,1,1,,2,2016,10,17000,2,,,5000,5000,2,9
911133,1,1,4,1,2,2018,3,7000,2,,,2400,1200,1,0.1
911448,1,1,1,,2,2020,3,16000,2,,,177,12500,1,6
911448,2,4,5,,2,2019,1,750,2,,,600,250,3,
911652,1,1,1,,2,2017,5,20000,2,,,4000,4000,1,1
912147,1,1,4,1,2,2020,4,20000,2,,,2000,18000,1,6.5
912385,1,1,5,,2,2015,8,200,2,,,2000,200,1,2
912449,1,1,4,1,2,2019,4,8000,2,,,3250,4200,1,6.7
912591,1,1,4,1,2,2017,5,13000,2,,,2700,3000,1,4
912664,1,1,4,1,2,2018,4,17000,2,,,3600,7000,1,2
913472,1,1,1,,2,2018,3,3500,2,,,1200,1100,2,7
913481,1,1,4,1,2,2018,4,10800,2,,,3120,1600,2,7
913486,1,1,4,1,2,2018,4,13500,2,,,3400,6500,1,7
913487,1,1,1,,2,2019,6,8640,2,,,1440,5760,2,5
913660,1,1,4,1,2,2017,5,15000,2,,,3000,3000,3,
914406,1,2,4,1,2,2019,5,10000,2,,,2700,4600,1,3
914421,1,1,4,1,2,2019,4,40000,2,,,12000,25000,1,3.99
914551,1,1,4,1,2,2019,5,15000,2,,,3360,6000,1,2
914635,1,1,4,1,2,2018,7,17000,2,,,2800,14300,1,4
914646,1,1,4,1,2,2019,4,7000,2,,,2400,7000,1,5
914706,1,3,4,1,2,2020,4,5000,2,,,840,4160,1,2
914801,1,1,4,1,2,2020,3,23000,2,,,15000,15000,1,1.4
914849,1,1,1,,2,2020,3,15000,2,,,5000,10000,3,
915113,1,1,4,1,2,2020,2,10000,2,,,5000,5000,3,
915113,2,1,4,1,2,2020,2,8000,2,,,2000,6000,3,
915197,1,1,1,,2,2012,10,20000,2,,,1812,2869,2,3
915488,1,1,4,1,2,2020,4,8000,2,,,750,7250,3,
915578,1,1,4,1,2,2017,4,8000,2,,,2400,2000,1,8
915897,1,1,4,1,2,2018,5,10000,2,,,2500,6000,1,9
916012,1,1,1,,2,2020,2,3500,2,,,2000,1500,1,4
916149,1,1,4,1,2,2017,10,15000,2,,,1500,10000,1,1
916149,2,2,4,1,2,2020,1,1300,2,,,700,600,3,
916170,1,2,4,1,2,2020,1,600,2,,,450,50,3,
916199,1,1,1,,2,2015,5,10000,2,,,2796,1398,1,5
916612,1,1,4,1,2,2019,2,11300,2,,,5500,5500,3,
916822,1,1,1,,2,2019,3,12600,2,,,4200,7200,1,0.75
916822,2,2,4,1,2,2020,1,4000,2,,,2100,1900,3,
916826,1,1,1,,2,2019,3,4000,2,,,1800,500,1,4
917152,1,1,4,1,1,2019,20,53000,2,,,7200,44000,1,8
917276,1,1,1,,2,2020,4,7200,2,,,1500,5700,1,2
917375,1,1,4,1,2,2020,5,12000,2,,,800,11200,1,4
918303,1,1,4,1,2,2019,10,19000,2,,,2400,10000,1,7
918449,1,1,1,,2,2019,3,25000,2,,,3000,20000,3,
918576,1,2,4,1,2,2020,2,4680,2,,,2340,1800,3,
918576,2,4,4,1,2,2018,7,13000,2,,,1920,9500,1,2
918675,1,2,5,,2,2019,10,19000,2,,,2280,17800,1,2.6
919100,1,1,4,1,2,2018,5,6000,2,,,2400,3000,1,6
919278,1,1,1,,2,2018,6,10000,2,,,3300,6600,1,1.5
919316,1,1,1,,2,2019,7,26000,2,,,4300,21700,1,5.57
919316,2,2,1,,2,2019,2,1500,2,,,840,800,3,
919370,1,1,1,,2,2018,7,15000,2,,,1800,8500,1,5
919492,1,4,4,1,2,2019,5,15000,2,,,2640,12000,1,6
919516,1,1,4,1,2,2016,4,12000,2,,,3000,1000,1,5.5
919533,1,1,4,1,2,2017,5,20000,2,,,4080,4000,1,8
919536,1,1,4,1,2,2019,3,6000,2,,,2400,3500,3,
919686,1,1,4,1,2,2015,7,8000,2,,,1400,1800,2,7
919717,1,2,4,1,2,2020,1,860,2,,,160,700,1,2
919727,1,1,4,1,2,2019,4,20000,2,,,5000,14000,1,4
919762,1,1,4,1,2,2019,5,22000,2,,,4500,13000,1,5.8
919956,1,1,4,1,2,2020,5,10000,2,,,166,10000,1,7
920238,1,1,1,,2,2018,4,9500,2,,,2875,3562,1,5.7
920327,1,1,1,,2,2019,4,4516,2,,,1129,2729,1,13.4
920368,1,1,4,1,2,2018,4,18000,2,,,5000,6500,1,5.7
920539,1,1,1,,2,2016,7,10000,2,,,4080,6000,1,2
920839,1,1,1,,2,2019,4,8000,2,,,1320,2300,1,6.5
920866,1,1,4,1,2,2020,5,5000,2,,,300,4700,1,8
921005,1,1,1,,2,2019,4,12000,2,,,3000,6000,3,
921005,2,2,4,1,1,2017,7,17000,2,,,3600,13000,1,6
921322,1,4,4,1,2,2018,8,26000,2,,,4800,25000,1,8
922581,1,4,4,1,2,2020,4,10000,2,,,160,9200,1,5
922846,1,1,4,1,2,2018,2,3000,2,,,3000,0,3,
923422,1,2,4,1,2,2018,1,500,1,1,,60,120,1,3
923443,1,2,4,1,2,2020,1,1800,2,,,600,1200,3,
923443,2,2,4,1,2,2019,1,500,2,,,3000,250,3,
923444,1,2,4,1,2,2018,10,6900,2,,,720,4800,1,4
923444,2,4,4,1,2,2010,12,17000,2,,,1500,2850,1,5
923640,1,4,4,1,2,2019,2,400,1,1,,50,100,3,
923646,1,2,5,,2,2018,3,1500,2,,,800,900,3,
923977,1,1,4,1,2,2020,1,2000,2,,,2150,0,1,5
923984,1,1,5,,2,2020,2,2500,2,,,1400,800,1,5
924069,1,1,4,1,2,2020,3,8000,2,,,2070,6930,1,2
924290,1,1,1,,2,2019,5,5000,2,,,1150,4200,1,5.5
924310,1,2,4,1,2,2019,1,1000,2,,,1100,150,1,5
924324,1,1,1,,2,2019,1,2000,2,,,2100,1500,1,5
924513,1,2,4,1,2,2019,2,1000,2,,,580,500,1,3
924759,1,1,4,1,2,2018,3,8000,2,,,2500,2500,2,6
924759,2,5,4,1,2,2018,10,75000,2,,,8400,58000,1,1.53
925117,1,2,4,1,2,2019,3,3500,2,,,1200,900,1,5.6
925362,1,1,4,1,2,2018,3,7000,2,,,3000,300,1,4.1
925502,1,1,4,2,2,2018,5,9000,2,,,3180,3500,2,5
925502,2,4,4,2,2,2008,15,30000,2,,,5600,10000,2,5
925541,1,4,4,2,2,2016,10,5000,2,,,660,2000,1,4
926269,1,2,4,1,2,2020,2,600,2,,,130,470,3,
926421,1,1,4,1,2,2020,3,4000,2,,,450,3550,1,5
926448,1,4,4,1,2,2020,5,25000,2,,,4200,16000,1,4
926769,1,1,4,1,2,2019,4,7008,2,,,2760,4500,1,6
926851,1,2,5,,2,2020,3,3000,2,,,1500,2000,1,2
926864,1,4,4,1,2,2016,6,10000,2,,,1700,3000,1,5
926868,1,2,4,1,2,2016,5,10000,2,,,2300,3500,1,5
926966,1,2,4,1,2,2020,2,1200,2,,,60,1140,3,
927250,1,1,4,1,2,2015,5,15000,2,,,1000,1000,1,5
927537,1,1,1,,2,2018,9,15000,2,,,2000,9500,1,8
927693,1,1,4,1,2,2015,6,15840,2,,,2640,2640,1,7
927696,1,2,4,1,2,2020,3,2000,2,,,800,1200,3,
927802,1,1,1,,2,2019,6,11000,2,,,2400,9600,1,5
927941,1,3,4,2,2,2016,10,10000,2,,,1600,6000,1,14
928037,1,1,4,1,2,2020,1,2400,2,,,400,2000,3,
928174,1,4,4,1,2,2013,25,50000,2,,,3480,36000,1,1.5
928174,2,4,5,,2,2013,9,10000,2,,,1200,2000,1,
928339,1,2,4,1,2,2020,2,1800,2,,,110,1690,3,
928394,1,1,5,,2,2018,7,22000,2,,,4500,22000,3,
928394,2,2,5,,2,2020,1,900,2,,,750,250,3,
928503,1,1,1,,2,2020,5,12000,2,,,1500,12000,1,2.5
930413,1,1,1,,2,2019,3,13000,2,,,4400,7000,1,5
930413,2,2,1,,2,2020,1,700,2,,,70,630,1,4
930498,1,2,4,1,2,2020,1,800,2,,,480,500,3,
930548,1,1,4,1,2,2020,3,12000,2,,,2400,9600,3,
930548,2,2,4,1,2,2019,2,800,2,,,492,450,3,
930571,1,2,4,1,2,2018,2,3000,2,,,2000,1000,3,
930635,1,4,4,1,2,2020,2,5000,2,,,2500,2500,3,
930708,1,1,1,,2,2019,5,15000,2,,,3000,11000,1,10
930708,2,1,1,,2,2019,5,16000,2,,,3000,12000,1,12
930845,1,1,4,1,2,2017,5,9000,2,,,2500,4000,1,2.5
930947,1,1,4,1,2,2019,4,15000,2,,,6000,5000,1,8
931003,1,1,4,1,2,2019,3,30000,2,,,10400,20000,3,
931037,1,2,4,1,2,2020,2,11000,2,,,2000,9500,1,1.5
931285,1,1,1,,2,2015,6,10000,2,,,2124,2840,1,2
931357,1,1,5,,3,2020,5,20000,2,,,3600,4500,1,5
931377,1,4,4,1,2,2019,5,10000,2,,,2100,8000,1,7
931610,1,1,4,1,2,2019,7,24000,2,,,4200,21000,1,20
931834,1,1,1,,2,2020,4,12000,2,,,9000,12000,1,2
931834,2,1,1,,2,2020,3,14000,2,,,2500,7000,1,1
932185,1,1,4,1,2,2020,3,9500,2,,,2880,6700,1,3
932207,1,2,4,1,2,2016,5,10000,2,,,2304,2113,1,6.56
932532,1,1,4,1,2,2018,5,40000,2,,,12000,18000,1,2
932652,1,1,4,1,2,2019,5,10000,2,,,2500,8000,1,2
932661,1,1,1,,2,2019,4,15000,2,,,3750,7500,1,7
933036,1,1,1,,2,2020,4,43000,2,,,6000,40000,1,5
933123,1,4,4,1,2,2020,3,3500,2,,,1400,2300,1,4
933812,1,2,5,,2,2020,1,1500,2,,,120,125,1,3
933958,1,4,2,,2,2019,5,30000,2,,,7422,22300,1,1
933966,1,2,4,1,2,2019,3,2300,2,,,780,770,3,
934111,1,4,2,,2,2018,7,26000,1,2,1,6400,10000,1,3
934312,1,1,4,1,2,2017,5,15000,2,,,3400,3000,1,5
934406,1,4,4,1,1,2018,2,6500,2,,,3648,900,1,13
934412,1,1,1,,2,2018,5,40000,2,,,8000,24000,2,3
934524,1,1,1,,1,2018,3,19900,2,,,3200,6500,1,5
934629,1,2,4,1,2,2018,5,24000,2,,,4800,13600,2,4.5
934904,1,1,5,,3,2018,5,10000,2,,,3600,8400,2,2
934907,1,1,5,,2,2020,4,10000,2,,,3000,10000,1,5
934915,1,1,4,1,2,2019,5,40000,2,,,24000,20000,1,6.5
935011,1,1,4,1,2,2019,5,10000,2,,,2000,6000,3,
935042,1,1,5,,2,2020,3,10400,2,,,10400,9000,1,2
935097,1,1,4,1,2,2018,5,60000,2,,,5400,16200,1,3.8
935193,1,1,1,,2,2020,8,180000,2,,,40000,153000,1,3.5
935729,1,2,4,1,2,2019,3,5000,2,,,3000,2000,3,
935906,1,1,4,2,2,2020,4,25000,2,,,9200,20000,3,
935906,2,1,5,,3,2020,2,25000,2,,,15000,13000,3,
935987,1,1,1,,2,2019,3,7000,2,,,2500,4500,1,5
936664,1,1,1,,2,2017,4,60000,2,,,13800,36409,1,2.62
936671,1,1,4,1,2,2017,5,5000,2,,,1437,2140,1,14.1
936683,1,1,1,,2,2019,3,10000,2,,,3360,5520,1,4.2
936689,1,1,1,,2,2020,4,40000,2,,,6500,35000,1,2
936793,1,1,4,1,2,2020,3,7000,2,,,250,6650,1,2
936796,1,1,1,,2,2020,4,18000,2,,,700,17300,1,4.5
936801,1,1,1,,2,2020,3,9000,2,,,3000,6000,1,1.5
936824,1,1,1,,2,2018,4,10000,2,,,2500,5000,1,4
936831,1,1,1,,2,2020,1,3000,2,,,1800,1200,1,1.5
936874,1,1,1,,2,2018,3,23000,2,,,6000,6000,1,3.5
937156,1,2,4,1,2,2020,1,650,2,,,150,500,3,
937234,1,1,4,1,2,2019,3,8000,2,,,3600,4000,1,3
937442,1,1,1,,2,2020,4,6000,2,,,2100,4000,3,
937608,1,1,1,,2,2017,4,20000,2,,,5280,2200,1,2.75
937630,1,1,1,,1,2018,6,16000,1,2,1,1650,9900,1,2.75
937631,1,1,1,,2,2020,5,22000,2,,,3600,14400,1,2.75
938021,1,1,4,1,2,2020,7,11000,2,,,700,10000,1,3
938373,1,1,1,,2,2020,3,18000,2,,,600,18000,1,1
938553,1,1,4,1,2,2020,3,10000,2,,,1380,9000,1,5
938608,1,1,1,,1,2019,4,10000,2,,,2500,7000,1,0.5
938784,1,1,1,,2,2019,5,16000,2,,,3600,12500,1,2
938839,1,3,4,2,2,2015,7,13000,2,,,2700,8000,3,
938996,1,1,4,1,2,2020,4,10000,2,,,2400,7600,1,2
939035,1,1,1,,2,2018,3,20000,2,,,4800,9000,1,3.99
939139,1,1,5,,2,2016,6,21600,2,,,3600,7200,1,5
939157,1,2,4,2,2,2019,2,1000,2,,,500,500,1,1
939181,1,1,4,1,2,2020,3,4000,2,,,700,3300,1,1
939266,1,1,1,,2,2019,6,15000,2,,,3624,12000,1,3.5
939266,2,1,1,,2,2015,6,10000,2,,,3240,900,1,2.7
939305,1,1,4,1,2,2018,6,12000,2,,,2760,7000,1,6
939308,1,1,4,1,2,2020,3,25000,2,,,2000,23000,1,8.5
939312,1,1,1,,2,2017,4,55000,2,,,8000,23000,1,8
939312,2,1,1,,2,2020,5,25000,2,,,2000,24000,1,8.5
939348,1,3,4,1,2,2013,10,25000,2,,,5160,7000,1,9
939390,1,1,4,1,2,2018,8,11000,2,,,2040,11000,1,4
939424,1,1,4,1,2,2019,7,22000,2,,,3900,15000,1,6
939523,1,1,1,,2,2016,5,8000,2,,,3600,3500,2,6.5
940031,1,4,5,,2,2019,8,90000,2,,,12000,72000,2,0.5
940031,2,4,5,,2,2019,7,70000,2,,,12000,62000,1,2.9
940031,3,4,4,1,2,2019,8,10000,2,,,2000,6000,3,
940038,1,1,1,,2,2019,5,15000,2,,,3500,8000,1,2
940246,1,1,1,,2,2018,3,10000,2,,,4300,4000,1,3
940519,1,1,4,1,2,2019,4,17000,2,,,4500,11000,1,5
940519,2,1,4,1,2,2020,2,12000,2,,,4800,7000,1,8
940614,1,1,1,,2,2018,4,12800,2,,,3210,3210,1,6
941124,1,1,1,,2,2020,3,12000,2,,,1100,10900,3,
941939,1,1,1,,2,2018,3,5000,2,,,1400,1500,1,3
942248,1,1,1,,2,2016,5,15000,2,,,3000,3000,1,2
942669,1,1,4,1,2,2019,5,25000,2,,,5000,20000,1,2
943496,1,2,4,1,2,2020,2,1632,2,,,816,900,3,
943996,1,1,4,1,2,2019,3,15000,2,,,5000,4500,1,3.5
944136,1,1,4,1,2,2018,3,12000,2,,,4200,4500,1,5
944136,2,1,4,1,2,2018,3,6000,2,,,2000,2000,1,1
944348,1,1,1,,2,2018,5,6000,2,,,1300,3500,2,4
944348,2,2,5,,2,2015,6,10000,2,,,3000,4000,1,4
944621,1,4,4,1,2,2019,1,2000,2,,,2220,0,3,
945001,1,1,1,,1,2019,2,4000,2,,,2200,2000,1,6
945018,1,4,4,1,2,2019,1,1000,2,,,1100,0,1,5
945035,1,1,4,1,2,2020,4,10000,2,,,3240,9760,1,6
945054,1,4,5,,2,2016,10,800,1,2,1,50,100,3,
945056,1,4,4,1,2,2018,3,3000,2,,,1200,1000,1,4
945058,1,2,4,1,2,2020,1,500,2,,,580,80,3,
945059,1,2,4,2,2,2018,2,5000,2,,,2800,2000,2,5
945109,1,1,4,2,2,2016,10,3000,2,,,550,1050,2,6
945224,1,2,1,,1,2015,5,2000,1,1,,400,500,1,4
945224,2,4,5,,3,2018,3,1000,1,2,1,350,100,1,4
945738,1,1,1,,2,2019,5,35000,2,,,8000,20000,1,5.7
945738,2,2,4,1,2,2020,3,3500,2,,,1150,2200,3,
945752,1,1,1,,2,2016,10,16000,2,,,2100,8500,1,3.9
945764,1,1,1,,2,2016,10,26000,2,,,3800,9000,1,5
945784,1,1,4,1,2,2015,6,9000,2,,,1600,2000,1,2
945791,1,1,4,1,2,2016,5,10000,2,,,3200,1500,1,15
945796,1,1,4,1,2,2017,5,21000,2,,,4200,8400,3,
946242,1,4,4,2,2,2018,3,4500,2,,,2650,1500,1,5
946345,1,4,4,2,2,2019,3,3000,2,,,1650,800,1,5
946448,1,1,4,1,2,2019,4,15000,2,,,4000,10000,1,2
946453,1,2,4,1,2,2019,2,800,2,,,600,100,1,0.5
946499,1,2,4,1,2,2020,5,10000,2,,,3120,8000,3,
946499,2,2,4,1,2,2016,5,6000,2,,,1200,1200,3,
946581,1,1,4,1,2,2019,4,16800,2,,,5160,8200,1,3.07
946587,1,2,5,,2,2018,4,5000,2,,,1500,2000,3,
946621,1,1,4,1,2,2018,3,11000,2,,,4200,1750,1,7
946621,2,1,4,1,2,2019,3,17100,2,,,3900,8500,1,5.1
946621,3,4,4,1,1,2019,3,12685,2,,,4644,8200,1,7
946905,1,1,4,1,2,2018,3,8000,2,,,3000,3000,1,2
946979,1,1,1,,2,2020,4,15000,2,,,3500,12000,2,4
946988,1,4,4,1,2,2020,8,8000,2,,,4800,6000,1,6
947076,1,1,4,1,2,2020,3,18000,2,,,270,16000,1,8
947251,1,1,4,1,2,2019,5,15000,2,,,4800,13000,1,6
947331,1,1,4,1,2,2019,4,18000,2,,,3960,15000,1,3
947339,1,1,5,,1,2018,5,20000,2,,,5000,20000,1,7
947821,1,1,4,1,2,2018,4,8000,2,,,2500,4800,1,2.7
947914,1,1,1,,2,2015,6,14000,1,2,1,2610,8500,2,3
947914,2,2,4,1,2,2018,6,14000,2,,,1680,8000,2,3
947951,1,1,1,,2,2016,5,15000,2,,,2800,1200,1,4.75
947978,1,1,4,1,2,2020,10,50000,2,,,500,5000,1,2
948098,1,2,4,1,2,2012,10,15000,2,,,1500,12000,1,3.5
948104,1,1,4,1,3,2019,8,40000,2,,,6500,32000,1,6
948165,1,1,4,1,2,2020,3,13000,2,,,350,9000,3,
948165,2,2,4,1,2,2020,1,500,2,,,500,400,3,
948165,3,2,4,1,2,2020,1,500,2,,,50,400,3,
948236,1,2,4,1,1,2018,7,40000,2,,,5400,20000,1,6
948269,1,2,4,2,1,2020,10,10000,2,,,1440,8560,1,5
948394,1,1,4,1,2,2017,4,7000,2,,,1750,300,1,11
948442,1,1,1,,2,2020,4,12000,2,,,3000,11000,1,5
948454,1,1,4,1,2,2019,3,5000,2,,,600,1000,1,1
948454,2,1,4,1,2,2018,3,90000,2,,,30000,30000,1,1
948454,3,5,5,,2,2019,3,1500,2,,,600,1200,1,1
948895,1,1,4,1,2,2018,4,6000,2,,,1800,3600,1,1.5
948912,1,1,4,1,2,2018,4,9000,2,,,2500,5000,1,5
948920,1,2,4,1,2,2020,1,1100,2,,,720,720,1,2
948920,2,5,4,1,2,2017,10,30000,2,,,4800,30000,1,2
949105,1,1,4,1,2,2020,5,25000,2,,,5000,20000,3,
949184,1,4,4,1,2,2016,7,5000,2,,,1092,2184,1,1.5
949256,1,1,4,1,2,2017,5,10000,2,,,2640,5280,1,3
949270,1,1,4,1,2,2020,6,23000,2,,,320,22680,1,2
949272,1,1,4,1,2,2016,4,8000,2,,,3288,0,1,2
949277,1,4,4,1,1,2020,8,50000,2,,,7000,43000,1,2
949280,1,4,4,1,2,2018,5,30000,2,,,7200,21600,1,6.7
949318,1,1,4,1,2,2018,5,30000,2,,,4500,14000,1,2
949331,1,1,5,,2,2020,5,8000,2,,,1500,5500,1,7
949425,1,1,5,,2,2019,5,10000,2,,,1800,6000,3,
949493,1,1,4,1,2,2019,5,9800,2,,,1920,5960,1,7
949718,1,1,4,1,2,2019,5,25000,2,,,3500,14000,1,4
949718,2,1,4,1,2,2018,3,5500,2,,,960,3400,1,4
949754,1,1,4,1,2,2018,5,15000,2,,,4000,7000,1,6
949756,1,4,4,1,2,2020,3,3000,2,,,375,2250,1,6
949756,2,4,4,2,2,2019,3,3000,2,,,1200,1000,1,5
949756,3,4,4,2,2,2020,3,3000,2,,,500,2500,2,5
949781,1,2,1,,2,2018,3,900,2,,,120,120,3,
949890,1,1,4,1,2,2019,1,6000,2,,,3000,3500,1,5
949996,1,1,4,1,2,2019,3,12000,2,,,1800,10000,1,3
950156,1,4,4,1,1,2019,1,1500,2,,,1600,0,1,4
950163,1,2,4,1,2,2020,1,1000,2,,,1070,0,1,6
950171,1,2,5,,2,2019,1,1000,2,,,1050,0,1,3
950222,1,1,4,1,2,2019,3,19000,2,,,4000,4000,1,6
950230,1,2,4,1,2,2020,2,4000,2,,,1200,3600,1,2
951045,1,1,4,1,2,2020,2,10000,2,,,5000,5000,3,
951067,1,1,4,1,2,2018,5,8000,2,,,2500,3000,1,9
951125,1,1,4,1,2,2017,5,6000,2,,,1000,1000,3,
951236,1,1,1,,2,2018,6,15000,2,,,2600,7700,1,3
951262,1,1,5,,2,2017,5,7000,2,,,1500,400,1,5
951330,1,1,1,,2,2016,6,25000,2,,,5200,10400,1,5.7
951450,1,1,1,,2,2018,4,15000,2,,,5000,9000,1,2
951450,2,2,2,,2,2019,10,1300,2,,,216,1100,1,2
951466,1,1,4,1,2,2019,4,8500,2,,,2460,6800,1,4.5
951597,1,4,4,1,2,2018,6,6000,2,,,1500,4500,1,7
951711,1,1,4,1,2,2019,3,8000,2,,,4000,2000,1,2.9
951739,1,4,4,1,1,2018,10,80000,2,,,9600,69000,1,7
951793,1,1,4,1,2,2019,3,6750,2,,,2210,3500,1,5
951811,1,2,1,,2,2020,1,2000,2,,,360,1640,3,
951812,1,1,4,1,2,2020,3,10000,2,,,5400,5400,1,3
951812,2,5,4,1,2,2019,2,5000,2,,,2500,2500,1,3
951818,1,1,1,,2,2018,4,28000,2,,,3000,19000,1,3
951822,1,1,1,,2,2018,4,30000,2,,,4800,15000,3,
951842,1,1,4,1,2,2020,5,20000,1,1,,500,7000,2,4
951842,2,4,2,,2,2014,30,180000,1,2,1,5000,170000,2,4
951883,1,1,4,1,2,2017,8,20000,2,,,3500,13000,2,6
951886,1,2,4,1,2,2015,6,50000,2,,,9000,10000,2,3
951917,1,1,4,1,2,2019,3,18000,2,,,8600,8000,1,6
951917,2,1,4,1,2,2020,4,24000,2,,,4500,20000,1,7
951917,3,2,4,1,2,2019,1,1500,2,,,1500,0,1,2
951940,1,1,1,,2,2019,5,14000,2,,,3600,14000,1,1
951978,1,1,4,1,2,2016,10,18000,1,2,1,3360,14000,1,6
951984,1,1,4,1,2,2017,6,18000,2,,,4270,10000,1,1
952156,1,1,4,1,2,2020,2,2000,2,,,496,1504,1,0.8
952222,1,1,1,,2,2017,4,30000,2,,,8000,3000,2,7
952255,1,1,4,1,2,2020,8,15000,2,,,1980,13020,1,8.6
952425,1,1,1,,2,2020,3,40000,2,,,150,39850,1,4
952595,1,1,4,1,2,2016,5,28000,2,,,6000,6000,1,2
952815,1,1,1,,2,2020,4,6500,2,,,600,5000,1,3.05
952917,1,2,4,1,2,2020,10,30000,2,,,5000,28000,1,4
952917,2,2,4,1,2,2020,4,3200,2,,,300,3000,1,3
952917,3,2,4,1,2,2019,5,5000,2,,,2000,3000,2,3
953150,1,1,4,1,2,2020,3,24000,2,,,8000,22000,2,4.5
953315,1,1,4,1,2,2019,4,25000,2,,,17000,16000,1,7
953320,1,1,4,1,2,2018,5,20000,2,,,4560,5000,2,1
953360,1,4,3,,1,2017,6,10000,1,2,2,1500,4000,1,4
953360,2,4,4,2,1,2015,6,15000,2,,,4000,4000,2,6
953399,1,1,4,1,2,2019,3,20000,2,,,5400,4050,2,7
953441,1,1,4,1,2,2020,7,15000,2,,,2400,12000,3,
953461,1,1,4,1,2,2019,3,20000,2,,,3240,10000,3,
953475,1,1,1,,2,2018,3,35000,2,,,5250,15000,3,
953647,1,1,4,1,2,2020,5,12500,2,,,1500,11000,3,
953888,1,1,1,,2,2019,3,20000,2,,,4000,14000,1,4
953890,1,1,1,,2,2017,5,20000,2,,,4000,8000,1,3.4
953898,1,1,1,,2,2019,5,10000,2,,,2000,4000,1,4
953904,1,2,1,,2,2018,4,3000,2,,,850,464,1,5.99
953951,1,1,4,1,2,2019,5,32000,2,,,8200,20000,1,1
953975,1,1,1,,2,2019,2,5000,2,,,2500,2500,1,5
954006,1,2,1,,2,2020,2,2000,2,,,1000,1000,3,
954085,1,1,4,1,2,2019,4,15000,2,,,2500,12500,3,
954173,1,1,1,,2,2017,3,50000,2,,,12000,26000,3,
954189,1,1,4,1,2,2020,2,8000,2,,,4000,4000,1,0.2
954243,1,1,1,,2,2019,3,8500,2,,,3000,3500,1,2.85
954243,2,4,4,1,2,2020,4,4000,2,,,250,3700,3,
954361,1,1,1,,2,2020,4,9000,2,,,2100,7000,1,4.5
954545,1,1,4,1,2,2020,5,12000,2,,,2500,12000,1,3.3
954721,1,1,1,,2,2017,6,24000,2,,,4200,12000,2,3
954757,1,2,4,1,2,2019,2,2200,2,,,1800,1200,1,2
954758,1,1,4,1,2,2020,3,24000,2,,,2200,21500,1,5
954763,1,1,1,,2,2020,5,12000,2,,,3600,8400,3,
954775,1,1,5,,1,2020,5,34000,2,,,1440,32000,1,2
954792,1,1,1,,2,2019,4,20000,2,,,4300,13000,1,1
954911,1,4,4,2,3,2017,5,6000,2,,,3500,1000,1,1
954944,1,4,4,2,1,2020,10,13000,2,,,1500,12000,1,2.5
954946,1,2,1,,2,2011,10,20000,2,,,2400,2400,3,
955066,1,1,1,,2,2019,3,20000,2,,,8000,12000,1,1.5
955071,1,1,1,,2,2019,5,26000,2,,,3800,22000,1,4
955073,1,1,1,,2,2019,5,8000,2,,,1800,4000,1,7
955079,1,1,4,1,2,2020,6,4500,2,,,650,4300,1,1
955079,2,1,4,1,2,2020,8,11800,2,,,1750,10000,1,2
955111,1,1,4,1,2,2015,6,20000,2,,,3500,3000,1,2
955132,1,1,4,1,2,2018,5,45000,1,2,1,10000,30000,1,7
955151,1,1,4,1,2,2019,4,15000,2,,,5000,10000,1,5
955176,1,1,4,1,2,2018,7,10000,2,,,3000,7000,1,1
955235,1,1,1,,2,2017,6,26000,1,2,1,1700,18000,1,5.5
955249,1,1,1,,2,2020,9,40000,2,,,600,20000,1,1
955254,1,1,4,1,2,2019,5,15000,2,,,6000,8000,1,2
955267,1,1,4,1,2,2019,5,25000,2,,,5000,17000,1,7
955274,1,2,4,1,2,2020,2,1400,2,,,280,1120,3,
955301,1,4,4,1,2,2019,6,50000,2,,,10800,40000,1,6
955327,1,1,4,1,2,2016,6,12000,2,,,2700,2800,1,5
955342,1,1,4,1,2,2018,4,15000,2,,,4100,698,1,1.5
955344,1,1,4,1,2,2020,4,10000,2,,,1760,8000,1,3
955429,1,2,4,1,2,2009,30,200000,2,,,6000,117000,1,1
955488,1,1,4,1,2,2017,4,11000,2,,,3300,3000,1,5
955680,1,1,1,,2,2019,3,6000,2,,,2600,1900,3,
955753,1,1,4,1,2,2017,5,10000,2,,,2400,2640,1,2
955833,1,1,4,1,2,2020,3,14400,2,,,2400,12000,1,6
955983,1,1,4,1,2,2020,5,6000,2,,,1200,6000,1,8
956118,1,1,4,1,2,2020,3,6502,2,,,590,5911,1,9.03
956118,2,1,4,1,2,2019,2,4800,2,,,2400,2400,1,0.2
956237,1,2,4,1,2,2020,2,10000,2,,,830,9160,3,
956468,1,4,4,2,2,2020,10,12000,2,,,2760,10300,2,3
956523,1,1,1,,2,2017,5,10000,2,,,2500,5000,1,1
956781,1,4,2,,1,2019,5,10000,2,,,1800,4000,1,6
956797,1,2,4,1,2,2020,1,2000,2,,,1200,800,3,
956800,1,1,4,1,2,2019,3,10000,2,,,3120,2000,1,3
956801,1,1,1,,2,2018,4,50000,1,1,,4500,40000,1,5
956807,1,1,4,1,2,2019,4,10000,2,,,2400,6200,1,6
956905,1,2,2,,2,2018,5,20000,2,,,4320,16000,1,5
957033,1,2,4,1,2,2020,2,3000,2,,,150,2800,1,2
957050,1,1,1,,2,2019,2,500,2,,,400,400,1,5
957097,1,2,1,,2,2020,1,600,2,,,625,40,1,5
957097,2,4,4,1,2,2019,1,8000,2,,,8090,80,1,6
957137,1,2,4,1,1,2017,2,3000,1,1,,1000,3000,1,10
957333,2,4,4,1,1,2018,7,60000,2,,,6800,34000,2,6
957492,1,1,1,,2,2016,7,13000,2,,,2400,6000,1,6.8
957492,2,2,4,1,2,2019,1,1500,2,,,1000,500,3,
957492,3,4,4,1,2,2016,7,4000,2,,,1700,3200,1,1.2
957509,1,1,4,1,2,2019,4,7500,1,2,1,1100,4000,1,7
957548,1,1,4,1,2,2017,6,16000,2,,,3000,7500,1,5.2
957548,2,1,4,1,2,2020,5,12500,2,,,500,12000,1,5.5
957552,1,1,4,1,2,2015,5,15000,2,,,3000,1500,1,5
957552,2,1,4,1,2,2019,3,12000,2,,,2000,9000,1,3.5
957556,1,1,1,,2,2019,4,12000,2,,,3000,9000,1,4
957564,1,1,1,,2,2017,4,16000,2,,,3840,900,1,4.6
957579,1,2,4,1,2,2020,1,1500,2,,,1500,1500,3,
957661,1,2,4,1,2,2019,2,4000,2,,,2000,500,1,5
957687,1,2,2,,2,2019,3,1000,2,,,300,300,3,
957696,1,4,4,2,2,2020,10,20000,2,,,2000,18000,1,2
957705,1,1,4,1,2,2019,8,31000,2,,,3900,27000,1,2
957714,1,1,1,,2,2019,3,10000,2,,,3000,3000,3,
957714,2,1,1,,2,2018,4,8000,2,,,2000,2000,3,
957721,1,1,4,1,2,2020,3,420000,2,,,4000,28000,3,
957721,2,1,4,1,2,2020,3,20000,2,,,4000,12000,3,
957931,1,1,5,,2,2018,5,13000,2,,,3600,11000,1,5
957955,1,1,4,1,2,2018,3,30000,2,,,5832,5832,1,3.9
957955,2,2,4,1,2,2016,5,16000,2,,,3305,1928,1,0.2
958055,1,1,1,,2,2020,3,20000,2,,,2300,15000,1,2
959022,1,1,1,,2,2018,4,7200,2,,,1980,3600,1,5.76
959167,1,1,1,,2,2017,5,15000,2,,,3600,4400,1,5.99
960166,1,1,1,,2,2019,4,31000,2,,,6600,25000,3,
960411,1,1,4,1,2,2018,3,15300,2,,,2400,11721,1,6.43
960411,2,5,4,1,2,2020,1,500,2,,,500,0,3,
960411,3,5,4,1,2,2020,1,500,2,,,500,0,3,
960434,1,1,1,,1,2020,7,21000,2,,,6768,14000,1,3
960612,1,1,1,,2,2017,4,25000,2,,,10000,6000,1,2
960747,1,2,4,1,2,2019,2,1200,2,,,600,350,1,6
960755,1,1,4,1,2,2018,5,10000,2,,,2328,4600,1,6.4
960755,2,1,4,1,2,2019,2,4000,2,,,2760,1300,1,5.6
960863,1,1,1,,2,2019,3,14000,2,,,2160,8000,1,2
960863,2,2,1,,2,2020,1,850,2,,,80,600,1,2
961337,1,1,5,,2,2020,3,20000,2,,,1600,18000,1,4
961356,1,1,4,2,2,2020,6,10000,2,,,690,9300,1,5
961474,1,2,4,1,2,2019,3,3000,2,,,1800,1200,1,6.25
961611,1,1,4,1,2,2016,5,30000,2,,,6480,2700,1,1
961611,2,2,4,1,2,2020,1,2000,2,,,2000,0,3,
961701,1,1,4,1,2,2020,7,12000,2,,,2148,9800,1,7
961701,2,2,4,1,2,2017,10,11000,2,,,1524,8000,1,7
961701,3,4,5,,3,2017,10,12000,2,,,1000,5000,1,7
963356,1,2,4,1,2,2020,6,5000,2,,,1200,3800,3,
964285,1,2,4,1,2,2018,5,5000,2,,,3000,1500,1,8
964314,1,1,1,,2,2018,5,17000,2,,,6000,6000,1,3.5
964476,1,1,1,,2,2020,3,7000,2,,,270,7000,1,6
967096,1,4,4,1,2,2017,5,30000,2,,,6200,12000,1,3
967196,1,1,4,1,2,2019,3,10788,2,,,3596,6500,1,6.73
967761,1,1,4,1,2,2017,4,10000,2,,,3000,2500,1,5
967803,1,2,4,1,2,2019,2,2000,2,,,1100,1100,1,8
968254,1,1,4,1,2,2017,10,35000,2,,,3600,22000,1,2
968254,2,2,4,1,2,2019,5,15000,2,,,3600,12000,1,6
968254,3,4,4,1,2,2017,5,15000,2,,,3600,8000,1,6
968260,1,2,1,,2,2015,10,10000,2,,,1000,6000,1,8
968274,1,2,4,1,2,2020,3,6000,2,,,2000,4000,1,7.2
968287,1,1,4,1,2,2018,5,21000,2,,,2700,7500,1,3.75
968772,1,1,1,,2,2017,3,5000,2,,,2640,1800,2,2
968906,1,1,1,,2,2019,4,20000,2,,,5000,20000,1,6
970740,1,2,4,1,1,2019,2,2000,2,,,960,1100,1,1
971166,1,1,1,,2,2020,7,28000,2,,,3200,20000,1,7
971476,1,1,1,,2,2015,7,19000,2,,,2800,8000,1,2
971527,1,2,4,1,2,2020,4,2500,2,,,1000,2000,1,19.4
971639,1,4,4,2,1,2019,10,30000,2,,,7200,29000,1,6
971639,2,4,4,1,1,2018,10,10000,2,,,4800,8000,1,6
971639,3,4,4,1,2,2018,10,10008,2,,,5000,2000,1,6
971639,4,4,4,1,2,2018,10,10000,2,,,5000,5000,1,6
971639,5,4,4,1,1,2018,5,5000,2,,,2000,3500,1,6
971659,1,1,4,1,2,2018,5,9500,2,,,2400,2500,3,
972808,1,1,1,,2,2019,2,6000,2,,,6500,250,2,5
973387,1,2,4,1,2,2018,4,12000,2,,,3360,7000,1,1
973392,1,1,1,,2,2018,5,13000,2,,,1200,2200,1,7
973398,1,4,4,1,2,2019,5,10000,2,,,2300,8000,1,5
973405,1,2,4,1,2,2019,3,480,2,,,264,184,3,
974051,1,1,1,,2,2018,4,10000,2,,,1800,5500,3,
974075,1,1,4,1,2,2018,4,10000,2,,,2400,7500,3,
974485,1,1,1,,2,2020,8,17000,2,,,2500,17000,1,6
974610,1,1,5,,2,2019,4,15000,2,,,3900,10000,1,4
975130,1,1,4,1,2,2020,2,13000,2,,,7000,4000,1,1.5
