NQUEST,nord,INTPER,nattivita,ASS1A,ASS1I,ASS1SI,ASS1P,ASS1S,ASS1M,ASS1V,ASS1R,ASS1K
20297,1,1,1,2011,2,,1,120,1,2,,
20711,2,1,1,1996,2,,1,120,1,2,,
24853,1,1,1,1988,2,,1,500,2,1,3,13000
27734,2,2,1,2009,2,,1,1800,1,1,1,18000
31625,1,1,1,1983,2,,1,0,1,1,1,3000
31860,1,1,1,2016,2,,1,1000,1,2,,
33451,1,1,1,2002,2,,1,300,1,1,1,5400
34778,1,1,1,2015,2,,1,2200,1,1,3,12000
36250,1,1,1,2010,1,150,1,600,2,1,3,5500
39227,1,1,1,2010,2,,1,400,1,1,3,40000
39317,2,1,1,2005,2,,1,1200,1,2,,
39488,1,1,1,2019,2,,1,300,1,1,3,500
55425,1,1,1,2006,2,,1,0,1,1,1,12000
56761,3,3,1,2000,2,,1,3000,1,2,,
56761,4,3,1,2005,2,,1,4000,1,2,,
56762,1,1,1,1980,2,,1,6400,1,1,2,40000
91079,1,1,1,2010,1,8000,2,,1,2,,
91095,1,1,1,2015,1,600,2,,2,1,1,5000
91095,2,1,1,2008,2,,1,1200,2,1,1,15000
237003,1,1,1,2006,2,,1,3200,1,1,3,45000
237003,2,1,1,2006,2,,1,3200,1,1,3,45000
500669,1,1,1,1986,2,,1,600,2,1,3,24000
500669,2,1,1,1986,2,,1,600,2,1,3,24000
505390,1,1,1,2010,1,3000,1,500,1,1,2,25000
505818,1,1,1,2015,2,,1,200,1,2,,
506628,1,1,1,2020,2,,1,5,1,2,,
510432,1,1,1,2000,2,,1,1000,2,1,1,10000
511365,1,1,1,2010,2,,1,500,1,2,,
512887,1,1,1,2010,2,,1,1000,1,2,,
512963,1,1,1,1998,2,,1,600,1,2,,
512963,2,2,1,1998,2,,1,600,1,2,,
611614,1,1,1,2010,2,,1,1200,1,1,1,13000
611614,2,1,1,1994,2,,1,1500,1,1,1,45000
620805,1,1,1,2016,2,,1,90,1,2,,
620805,2,2,1,2015,2,,1,90,1,2,,
620829,1,1,1,2000,2,,1,500,1,1,3,10000
620858,1,1,1,2013,1,7500,2,,1,2,,
620858,2,2,1,2018,2,,1,600,1,2,,
633654,1,1,1,2018,2,,1,1000,1,2,,
634442,1,1,1,2000,1,80000,2,,1,2,,
671206,1,1,1,1995,2,,1,1000,1,1,1,25000
671206,1,1,2,2000,2,,1,1200,1,1,1,33000
671206,2,1,1,2000,2,,1,1200,1,1,1,33000
673145,1,1,1,2005,2,,1,350,1,2,,
673145,2,1,1,1992,2,,1,200,1,2,,
673451,1,1,1,1980,2,,1,500,1,1,3,10000
673451,1,1,2,1980,2,,1,500,1,1,3,10000
673451,2,1,1,1980,2,,1,1000,1,1,3,15000
674019,2,1,1,2011,2,,1,100,1,2,,
674815,2,1,1,2018,2,,1,1000,2,1,3,3000
674842,1,1,1,1998,2,,1,380,1,2,,
674868,2,1,1,2011,2,,1,1000,1,2,,
675086,1,1,1,2018,1,400,1,400,1,2,,
677112,1,1,1,2010,2,,1,120,2,1,3,1500
677167,1,1,1,2007,1,13000,2,,1,1,3,17000
677167,1,1,2,2007,1,20000,2,,1,2,,
677474,2,1,1,2012,2,,1,1080,1,1,3,9500
678132,1,1,1,2016,1,5200,2,,1,1,1,5800
678132,1,1,2,2016,1,5000,2,,1,2,,
680239,2,2,1,2020,2,,1,80,1,2,,
680244,1,1,1,2006,2,,1,500,1,1,1,8000
680244,2,1,1,2007,2,,1,500,1,1,1,8000
680537,2,1,1,2019,2,,1,600,1,1,3,2000
680587,1,1,1,2011,1,11000,2,,1,1,1,2000
681713,2,1,1,1989,1,500,1,700,1,1,3,21000
683164,1,1,1,2011,2,,1,500,1,2,,
683164,2,2,1,2011,1,4000,2,,1,2,,
683349,1,1,1,1993,2,,1,1600,1,2,,
683349,2,2,1,2002,2,,1,300,1,2,,
683896,1,1,1,2000,1,10000,2,,1,2,,
683896,2,2,1,2016,2,,1,1100,1,1,1,3300
684885,2,1,1,2012,2,,1,1200,2,1,1,10000
685299,1,1,1,2004,2,,1,1680,1,1,1,22000
685299,2,1,1,2006,2,,1,1800,1,1,1,25200
685780,1,1,1,2004,2,,1,350,1,2,,
686657,1,1,1,2011,1,30000,1,0,1,2,,
686657,1,1,2,2015,1,25000,2,,1,2,,
688264,1,1,1,2018,2,,1,600,1,1,1,1000
688264,2,1,1,1995,2,,1,600,1,1,3,1000
704752,1,1,1,2010,2,,1,300,1,1,2,100000
706921,1,1,1,2005,2,,1,800,1,1,3,120000
709438,1,1,1,2017,1,5000,1,600,1,2,,
713700,1,1,1,2007,2,,1,300,1,1,1,4000
713837,2,1,1,2020,1,5000,2,,2,1,1,5000
714021,1,1,1,2000,1,300,2,,1,2,,
714416,1,1,1,2016,2,,1,1800,2,1,1,10800
718772,2,1,1,2000,2,,1,3000,1,1,2,20000
718772,3,1,1,2005,2,,1,2000,1,1,1,15000
720117,1,1,1,2000,2,,1,5000,1,2,,
722310,1,1,1,2015,2,,1,100,1,2,,
722518,2,1,1,2011,2,,1,1500,1,2,,
724635,1,1,1,2012,2,,1,250,1,2,,
725716,1,1,1,2018,2,,1,600,1,1,3,1200
730876,1,1,1,2000,2,,1,2400,1,1,1,48000
735659,1,1,1,2007,1,500,2,,1,1,2,500
735659,1,1,2,2017,1,500,2,,1,2,,
735677,2,1,1,2013,1,10000,2,,1,2,,
736917,1,1,1,2015,1,20000,2,,1,2,,
736935,1,1,1,2005,2,,1,300,1,2,,
800702,1,1,1,1999,2,,1,1600,1,1,1,33600
802905,1,1,1,2010,2,,1,1000,1,1,1,5000
802905,2,1,1,2015,2,,1,1000,1,2,,
807303,1,1,1,2018,1,100000,2,,1,1,1,112500
807303,2,1,1,2018,1,100000,2,,1,1,1,112500
808122,1,1,1,2000,1,100,1,100,1,1,1,11600
809488,1,1,1,2016,1,150,1,150,1,2,,
812794,2,1,1,2011,2,,1,1000,1,2,,
814586,2,1,1,2000,2,,1,1500,2,1,1,35000
814889,1,1,1,2010,2,,1,0,1,2,,
814889,1,1,2,2019,2,,1,960,1,2,,
814889,1,1,3,2017,2,,1,240,2,1,2,100
814889,2,2,1,2019,2,,1,960,2,1,2,5000
816827,1,1,1,2000,1,1000,1,350,1,1,1,10000
817180,2,1,1,2000,2,,1,2400,1,2,,
819575,1,1,1,2020,2,,1,300,1,2,,
821844,1,1,1,2000,1,200,1,100,2,1,3,1500
822033,1,1,1,2015,1,1000,1,800,1,2,,
823250,1,1,1,2000,1,80,1,960,1,1,1,19000
823250,1,1,2,2016,1,100,1,1200,1,1,1,6000
823258,1,1,1,2016,2,,1,650,1,1,1,3000
823338,1,1,1,2013,1,5000,2,,1,1,2,158000
823993,1,1,1,2004,1,20000,2,,1,1,1,25000
824808,1,1,1,2010,1,200,1,2200,1,1,1,21000
824808,2,1,1,2012,2,,1,150,1,1,3,17000
825977,1,1,1,1990,2,,1,200,1,1,1,4000
825977,2,1,1,2000,2,,1,100,1,1,1,10000
826248,1,2,1,1996,1,200,1,200,1,2,,
826248,2,2,1,1996,1,200,1,200,1,2,,
854112,1,1,1,2015,1,5000,1,1890,1,1,3,9450
854730,1,1,1,1989,2,,1,150,1,1,2,5000
855035,2,1,1,2000,1,350,1,370,1,2,,
855259,1,1,1,2019,2,,1,5600,1,1,2,10800
855259,2,1,1,2019,2,,1,5000,1,1,2,10000
855344,1,1,1,2000,2,,1,400,1,2,,
855344,2,1,1,1996,2,,1,400,1,2,,
860127,1,1,1,2020,2,,1,380,1,2,,
863308,1,1,1,1988,1,300000,2,,1,1,1,380000
863673,1,1,1,2012,1,40000,2,,1,2,,
863673,1,1,2,2019,1,250000,2,,1,2,,
863673,2,1,1,2019,1,230000,2,,1,2,,
863673,2,1,2,2019,1,150000,2,,1,2,,
865504,2,1,1,2019,1,2500,1,0,1,1,3,3000
867344,1,1,1,2000,2,,1,50000,1,2,,
867344,1,1,2,1999,2,,1,5000,1,2,,
868093,2,1,1,1990,2,,1,300,1,2,,
868406,1,1,1,2017,1,1500,2,,2,1,3,1500
871697,3,4,1,2020,2,,1,200,1,1,1,2700
871697,4,4,1,2020,2,,1,2400,1,1,1,2500
873166,1,1,1,2000,1,1000,1,1200,1,1,3,24892
873166,2,1,1,2000,1,1000,1,1200,1,1,3,24892
874213,1,1,1,2019,1,80,2,,1,2,,
874325,2,1,1,2013,2,,1,500,1,2,,
874515,1,1,1,2010,2,,1,600,2,1,1,7600
874515,2,2,1,2010,2,,1,600,2,1,1,7600
874593,1,1,1,2014,2,,1,700,1,1,3,4000
874704,2,1,1,2005,2,,1,200,1,2,,
874756,1,1,1,2020,2,,1,1000,1,2,,
874756,2,1,1,2018,1,5000,2,,1,2,,
874961,1,1,1,2010,1,30000,2,,1,2,,
874961,2,1,1,2010,1,40000,2,,1,2,,
875020,1,1,1,1977,2,,1,700,1,1,1,20000
875020,1,1,2,2018,2,,1,500,2,1,1,2000
875542,1,1,1,2020,1,3000,2,,1,2,,
875562,1,1,1,2018,2,,1,80,1,2,,
875585,1,1,1,2009,2,,1,1500,1,2,,
875585,2,1,1,2010,2,,1,780,1,1,3,8888
875635,2,1,1,2005,2,,1,1200,1,2,,
875977,1,1,1,2017,1,200,1,2400,1,1,3,7000
876272,2,1,1,2018,2,,1,340,1,2,,
876729,2,2,1,2019,2,,1,600,1,1,3,1300
877697,1,1,1,2000,2,,1,500,1,2,,
878617,1,1,1,2005,2,,1,2000,1,1,1,30000
878617,2,1,1,2010,2,,1,2000,1,1,1,30000
878811,1,1,1,2000,2,,1,500,1,2,,
878811,2,1,1,2000,2,,1,200,1,2,,
878873,1,1,1,2017,2,,1,250,1,2,,
878873,2,1,1,2016,2,,1,100,1,2,,
879229,1,1,1,2002,2,,1,2100,1,1,1,40000
880072,2,1,1,2002,2,,1,700,1,2,,
880911,1,1,1,1991,2,,1,1000,1,2,,
880912,1,1,1,2005,1,3500,2,,1,2,,
881686,1,2,1,2010,1,500,2,,1,1,1,12000
881686,2,2,1,2006,1,500,2,,1,1,1,12000
882114,1,2,1,2000,2,,1,1000,2,1,2,20000
882286,1,1,1,2010,2,,1,350,1,2,,
882537,1,1,1,1998,2,,1,400,1,2,,
882537,2,1,1,1998,2,,1,400,1,2,,
883988,1,1,1,2020,1,10000,2,,2,1,2,10500
884972,1,1,1,2015,2,,1,2800,1,2,,
884972,2,1,1,2010,1,2000,2,,1,2,,
885709,2,1,1,2000,2,,1,600,2,1,3,12000
885868,1,1,1,2013,1,1000,1,1000,1,2,,
886273,2,1,1,2007,2,,1,1200,2,1,2,20000
886347,1,1,1,2011,2,,1,1800,1,1,1,18000
886347,2,1,1,2011,2,,1,1800,1,1,1,18000
886443,1,1,1,2010,2,,1,2000,1,2,,
886443,2,1,1,2010,2,,1,1000,1,2,,
886797,2,1,1,2005,2,,1,400,1,2,,
886918,1,1,1,2020,2,,1,1500,1,1,2,1500
887498,1,1,1,2016,2,,1,1200,2,1,3,5500
887655,1,1,1,2017,2,,1,400,1,1,3,2000
887755,1,1,1,2002,1,100,1,100,1,2,,
888606,1,1,1,2016,2,,1,500,1,2,,
889047,1,1,1,2010,2,,1,1150,1,1,1,12000
889721,2,1,1,1990,2,,1,600,1,1,3,50000
889722,1,1,1,2007,2,,1,1200,1,1,1,15600
889722,3,1,1,2013,2,,1,1000,2,1,1,7000
889722,4,1,1,2016,2,,1,1000,2,1,1,4000
891317,1,1,1,2007,1,20000,2,,1,1,1,22000
892684,2,1,1,2013,1,200,1,200,1,2,,
892710,1,1,1,2019,1,180,1,180,1,2,,
892710,2,2,1,2019,1,180,1,180,1,2,,
892941,1,1,1,2020,2,,1,10,2,1,1,100
893181,3,1,1,2000,2,,1,600,1,2,,
893181,4,1,1,2004,2,,1,600,1,2,,
893372,1,1,1,2015,1,216,1,2500,1,1,2,12000
893396,1,1,1,1998,2,,1,10,1,2,,
893402,2,1,1,2002,2,,1,100,1,1,3,2000
894126,2,1,1,2016,1,80,1,960,1,1,3,5000
894561,1,1,1,2005,2,,1,1000,1,1,1,4000
894561,2,1,1,1995,2,,1,3000,1,1,1,3000
896749,1,1,1,2009,2,,1,1000,1,1,3,11000
896988,1,1,1,2008,2,,1,600,1,2,,
896995,2,1,1,1995,2,,1,620,1,2,,
897442,2,2,1,2001,2,,1,300,1,2,,
898191,2,1,1,2016,2,,1,324,1,2,,
898220,1,1,1,2010,2,,1,3000,1,1,3,50000
898401,1,1,1,1990,2,,1,1750,1,1,1,
899556,2,1,1,2010,1,400,1,400,1,2,,
900573,1,1,1,2014,2,,1,800,1,2,,
900796,2,2,1,2015,2,,1,100,1,2,,
901126,1,1,1,2020,2,,1,350,1,2,,
903428,1,1,1,2016,1,10000,2,,1,1,1,10438
904242,2,1,1,2009,2,,1,1000,1,1,3,13000
904888,1,2,1,2020,2,,1,240,1,2,,
905472,2,2,1,1996,2,,1,2400,1,1,1,40000
906080,2,2,1,2011,2,,1,1800,1,1,3,19000
906415,1,1,1,2012,2,,1,300,1,1,3,2400
906538,1,1,1,2008,1,5000,1,600,1,1,1,14000
906545,1,1,1,1995,2,,1,0,1,1,2,35000
906545,2,1,1,1995,2,,1,850,1,1,1,30000
906891,1,1,1,1978,2,,1,3600,2,1,3,20000
907373,1,1,1,2018,1,50000,2,,1,1,3,50000
907373,1,1,2,2018,2,,1,1800,1,1,3,5000
907441,2,1,1,2002,2,,1,200,1,2,,
907674,1,1,1,2017,1,105,2,,1,2,,
907674,2,2,1,2020,1,400,2,,2,1,2,12000
907776,1,1,1,2016,1,30000,2,,1,2,,
907852,1,1,1,2018,2,,1,150,1,2,,
908516,1,1,1,1990,2,,1,330,1,2,,
909259,1,1,1,1990,1,200,1,200,1,2,,
909259,2,1,1,1990,1,200,1,200,1,2,,
909259,3,1,1,2010,1,200,1,200,1,2,,
909259,4,1,1,2010,1,200,1,200,1,2,,
909744,1,1,1,2009,2,,1,1200,1,2,,
909856,1,1,1,2008,2,,1,150,1,2,,
909856,2,1,1,2008,2,,1,150,1,2,,
909926,1,1,1,2018,2,,1,500,1,2,,
910274,1,1,1,2000,1,20000,1,10000,1,1,1,200000
910974,1,1,1,2006,2,,1,560,1,2,,
911115,1,1,1,2020,2,,1,220,1,2,,
911115,2,2,1,2020,2,,1,220,1,2,,
911133,1,1,1,2010,1,7000,1,1200,1,1,1,19000
911351,1,2,1,1975,1,300,1,500,1,1,2,158000
911425,1,1,1,2014,1,18000,2,,1,2,,
911448,2,1,1,2015,2,,1,600,2,1,2,3600
911580,1,1,1,2002,1,300000,2,,1,1,2,458000
911580,1,1,2,2008,1,200000,2,,1,1,3,239000
911580,1,1,3,2015,1,100000,2,,1,1,3,111000
911580,1,1,4,1979,2,,1,5000,1,1,3,210000
911871,1,1,1,1999,1,350,1,500,1,2,,
911889,1,1,1,1992,2,,1,0,1,1,3,2000
912022,1,1,1,2020,2,,1,300,1,1,3,300
912051,1,1,1,2000,1,1200,1,2500,1,2,,
912051,2,1,1,2000,1,1200,1,2500,1,2,,
912148,1,1,1,2011,2,,1,400,1,2,,
912151,1,1,1,2020,2,,1,150,1,2,,
912205,2,1,1,2010,2,,1,4000,2,1,3,10000
912382,2,2,1,2006,2,,1,200,1,2,,
912482,1,1,1,2014,2,,1,0,1,2,,
912555,2,1,1,2018,2,,1,480,1,1,1,960
912563,1,1,1,2012,1,10000,2,,1,2,,
912591,2,2,1,2016,2,,1,1800,1,1,3,10000
912664,1,1,1,2016,2,,1,1000,2,1,1,5000
912664,2,2,1,2016,2,,1,1000,2,1,2,5000
912731,1,1,1,1995,2,,1,350,1,2,,
912821,1,1,1,1987,2,,1,0,2,1,1,10000
913307,1,1,1,2000,2,,1,5000,1,1,3,90000
913420,1,2,1,2000,2,,1,1000,1,2,,
913420,2,2,1,2000,2,,1,1000,1,2,,
913447,1,2,1,2017,2,,1,800,1,2,,
913658,1,1,1,2015,2,,1,3000,1,1,3,20000
913660,3,1,1,2017,1,500,1,500,1,1,3,1500
913669,1,1,1,2000,2,,1,4800,1,1,3,80000
913669,2,1,1,2015,2,,1,400,2,1,3,2000
913669,3,1,1,2018,2,,1,400,2,1,3,2000
913779,1,1,1,2011,1,3000,2,,2,1,2,3500
913779,1,1,2,2012,1,3000,2,,2,1,2,3500
913779,1,1,3,2013,1,200,1,2400,2,1,2,27000
913780,1,1,1,2013,1,460,1,460,1,1,2,45000
913912,3,1,1,2014,1,1200,1,1200,1,1,3,8200
913933,1,1,1,2009,1,5000,1,1000,1,1,2,20000
913933,2,1,1,1995,1,200,1,200,1,2,,
913934,1,1,1,2005,1,500,1,500,1,1,2,10000
913934,2,1,1,2009,1,500,1,700,1,1,2,8000
913953,1,1,1,2005,1,1200,1,1400,1,1,1,15000
913953,2,1,1,2015,1,1200,1,1500,1,1,1,6000
913954,1,1,1,2008,1,140,1,140,1,2,,
913954,2,1,1,2010,1,60,1,90,1,2,,
913961,1,1,1,2000,2,,1,166,2,1,3,32000
914059,1,1,1,2011,1,3000,2,,2,1,3,20000
914187,2,1,1,2018,1,40000,2,,1,1,1,40500
914286,1,1,1,2000,2,,1,1290,1,1,1,17000
914421,1,1,1,2004,2,,1,840,1,2,,
914640,1,1,1,2000,2,,1,150,2,1,1,1000
914657,1,1,1,2004,2,,1,250,1,2,,
914706,1,1,1,2013,2,,1,600,1,2,,
914706,2,1,1,2016,2,,1,600,1,2,,
914934,1,1,1,2018,1,30000,2,,1,2,,
915161,1,1,1,2020,1,100000,2,,1,2,,
915212,1,1,1,2000,1,1000,1,800,1,1,1,10000
915513,2,1,1,2015,2,,1,1500,1,1,3,10000
915653,1,1,1,1991,1,2000,1,1500,2,1,1,50000
915653,2,1,1,2000,1,1500,1,1000,2,1,1,20000
915680,1,1,1,2015,2,,1,400,1,2,,
915786,2,1,1,1998,2,,1,300,1,2,,
915902,1,1,1,2011,2,,1,300,1,1,3,3000
916149,2,2,1,2000,2,,1,380,1,2,,
916388,1,1,1,2010,1,400,1,300,1,1,3,3500
916388,2,1,1,2010,1,400,1,300,1,1,1,3500
916451,1,1,1,2013,1,1000,1,1700,1,1,1,12000
916826,1,1,1,2016,2,,1,720,1,1,3,4800
917027,1,1,1,2012,2,,1,5000,1,1,1,20000
917035,1,2,1,2010,2,,1,1000,1,1,2,10000
917221,2,1,1,2004,2,,1,1500,1,1,1,18000
917247,1,1,1,2016,2,,1,300,1,2,,
917276,1,2,1,2006,2,,1,130,1,2,,
917276,2,2,1,2006,2,,1,90,1,2,,
917375,1,1,1,1987,2,,1,1500,1,1,3,30000
917519,1,1,1,2010,2,,1,2000,2,1,1,10000
917529,1,1,1,2017,1,0,1,0,1,1,1,10000
918296,1,1,1,2017,2,,1,1000,1,2,,
918303,1,1,1,2019,2,,1,228,1,2,,
918303,2,1,1,2019,2,,1,192,1,2,,
918616,1,1,1,2020,2,,1,350,1,2,,
918616,2,1,1,2020,2,,1,350,1,2,,
918973,1,1,1,2020,1,15000,2,,2,1,1,15000
919033,2,1,1,2007,2,,1,1950,1,1,3,18000
919116,1,1,1,2001,2,,1,500,1,1,3,40000
919116,2,1,1,2002,2,,1,100,1,1,3,2000
919170,1,1,1,2000,2,,1,495,1,1,3,10000
919311,1,1,1,2000,2,,1,0,1,1,1,10000
919311,2,2,1,2000,2,,1,0,1,1,1,10000
919516,2,1,1,2019,2,,1,360,1,2,,
919631,1,1,1,1986,2,,1,100,1,2,,
919686,1,1,1,2017,2,,1,500,1,2,,
919727,1,1,1,2000,2,,1,1400,1,1,2,10000
919727,3,1,1,2010,2,,1,500,1,1,2,5000
919771,1,1,1,2016,1,250,1,1200,1,1,1,6000
919802,1,1,1,2015,1,10000,2,,1,1,1,10500
920238,1,1,1,2019,2,,1,1800,2,1,1,4000
920305,1,1,1,2010,1,15000,1,2500,1,1,3,45000
920315,1,1,1,2017,1,40000,2,,1,1,3,48000
920390,1,1,1,2011,1,50,1,0,1,1,2,800
920669,2,2,1,2018,2,,1,480,1,2,,
921636,1,1,1,1999,2,,1,1400,1,1,3,30000
921728,2,2,1,2017,2,,1,1400,1,2,,
922487,1,1,1,2010,2,,1,500,1,2,,
922846,1,1,1,2000,2,,1,1200,1,1,1,5000
922846,2,1,1,2000,2,,1,1200,1,1,2,1200
922994,1,1,1,1985,2,,1,357,1,2,,
923354,1,1,1,2010,1,70000,2,,1,2,,
923422,1,1,1,2015,2,,1,1000,1,1,1,6000
923438,1,1,1,2000,2,,1,500,1,1,3,50000
923443,2,1,1,2020,1,25000,2,,1,1,2,25000
923535,1,1,1,1999,1,1000,1,1500,1,1,3,3000
923535,2,1,1,1985,2,,1,1000,1,2,,
923535,3,1,1,1988,2,,1,1000,1,2,,
924005,1,1,1,2017,2,,1,1000,1,1,1,4000
924026,1,1,1,2010,1,150,1,1700,2,1,3,20000
924026,2,1,1,2010,1,150,1,1700,2,1,3,20000
924069,1,1,1,2011,2,,1,1800,1,1,3,36000
924120,1,1,1,1980,2,,1,25,2,1,1,20000
924140,1,1,1,2010,2,,1,3000,1,2,,
924264,1,1,1,2015,2,,1,1600,1,1,3,1600
924289,1,1,1,2016,1,150,1,1650,1,1,3,4500
924539,1,1,1,1980,1,2400,1,2400,1,2,,
924794,1,1,1,2017,2,,1,1030,1,1,1,3800
925204,1,1,1,2000,2,,1,3000,1,1,3,40000
925229,1,1,1,2010,2,,1,600,1,2,,
925229,2,1,1,2005,2,,1,600,1,2,,
925284,1,1,1,2010,1,200,1,1200,1,2,,
925757,1,1,1,2017,2,,1,600,1,2,,
926278,1,1,1,2010,1,2500,2,,2,1,2,14000
926719,3,3,1,1996,2,,1,50,2,1,3,3000
926950,1,1,1,2016,1,30000,2,,1,2,,
926973,1,1,1,1998,2,,1,1600,2,1,1,35200
927002,1,1,1,2004,2,,1,1200,1,1,1,15000
927802,1,1,1,2019,2,,1,1500,1,2,,
927994,1,1,1,2011,2,,1,200,1,2,,
928085,1,1,1,2020,2,,1,400,1,2,,
928085,2,2,1,2020,2,,1,400,1,2,,
928162,1,1,1,2000,2,,1,100,1,1,1,30000
930005,1,1,1,2013,1,100000,2,,1,1,3,106000
930023,1,1,1,2005,2,,1,1800,1,1,3,50000
930039,1,1,1,2005,1,160,2,,1,2,,
930089,1,1,1,1980,1,1200,1,350,1,1,3,
930116,1,1,1,1990,2,,1,5000,1,1,1,50000
930124,1,1,1,2000,2,,1,2000,2,1,2,10000
930201,2,1,1,2019,1,60000,2,,1,2,,
930301,1,1,1,1978,2,,1,18000,1,1,1,738000
930413,1,1,1,2016,2,,1,400,1,2,,
930424,1,1,1,2003,2,,1,2500,1,2,,
930424,1,1,2,2008,2,,1,2000,1,2,,
930424,1,1,3,2003,2,,1,1200,1,2,,
930424,1,1,4,2002,2,,1,1200,1,2,,
930424,1,1,5,2003,2,,1,1200,1,2,,
930454,2,2,1,2000,2,,1,0,1,1,3,10000
930576,1,1,1,2018,2,,1,3000,1,1,1,10000
930576,2,1,1,2018,2,,1,2500,1,1,1,12000
930586,1,1,1,2017,2,,1,250,1,2,,
930586,2,1,1,2017,2,,1,460,1,2,,
930592,1,1,1,2013,2,,1,4000,1,2,,
930592,1,1,2,2015,2,,1,300,1,2,,
930603,1,1,1,1995,2,,1,3000,1,1,1,65000
930724,2,1,1,2011,2,,1,2000,1,1,1,21000
930725,1,1,1,2006,2,,1,4000,1,1,1,60000
930725,2,1,1,2002,2,,1,4000,1,1,1,65000
930743,1,1,1,2005,2,,1,3000,1,1,3,40000
930749,1,1,1,2015,2,,1,500,1,1,3,25000
930753,1,1,1,2003,2,,1,0,1,2,,
930753,2,1,1,1999,2,,1,0,1,2,,
930770,1,1,1,1999,2,,1,2000,1,1,1,40000
930795,1,1,1,2010,2,,1,70,1,2,,
930795,2,1,1,1994,2,,1,530,1,2,,
930846,1,1,1,2019,1,25000,1,35000,1,2,,
930864,2,2,1,2015,2,,1,1500,1,2,,
930940,1,1,1,2010,1,5000,1,5000,1,1,1,50000
930956,1,1,1,2000,2,,1,2500,1,1,3,50000
930956,2,1,1,2000,1,5000,1,3000,1,1,3,40000
930960,1,1,1,2000,2,,1,2000,1,1,3,30000
930961,1,1,1,2005,2,,1,5000,1,1,3,50000
930981,1,1,1,2019,2,,1,2000,1,1,1,30000
930988,1,1,1,2017,1,5164,2,,1,2,,
930999,1,1,1,2000,1,100,1,100,1,2,,
931037,1,1,1,2020,2,,1,0,1,2,,
931041,1,1,1,2009,1,50000,2,,1,1,1,55000
931119,1,1,1,2013,1,10000,2,,2,1,1,10000
931153,1,1,1,2019,2,,1,800,1,2,,
931153,2,2,1,2019,2,,1,800,1,2,,
931184,1,1,1,2019,2,,1,2500,1,1,3,8000
931225,1,1,1,1980,2,,1,10000,1,1,3,50000
931285,1,1,1,2000,2,,1,1200,1,1,1,22000
931323,2,1,1,2005,2,,1,100,1,2,,
931349,1,1,1,2005,2,,1,200,1,2,,
931357,1,1,1,2010,1,150,1,150,1,2,,
931377,1,1,1,2017,2,,1,1200,1,1,1,3600
931402,2,1,1,2010,2,,1,1000,1,2,,
931426,1,1,1,2011,2,,1,2000,1,1,2,25000
931449,2,1,1,1998,2,,1,0,1,2,,
931525,3,1,1,2010,2,,1,1200,1,2,,
931544,1,1,1,1980,2,,1,0,1,1,1,54000
931544,2,1,1,2013,2,,1,0,1,1,1,40000
931562,1,1,1,2005,1,5000,1,1000,1,1,1,60000
931563,1,1,1,2005,2,,1,50,1,1,2,40000
931565,1,1,1,2006,1,2000,1,2500,1,1,1,25000
931565,2,1,1,2013,2,,1,2400,1,1,1,24000
931597,1,1,1,2019,1,17500,2,,1,1,3,18000
931597,2,1,1,2019,1,17500,2,,1,1,3,18000
931613,1,1,1,2005,2,,1,360,1,1,3,5500
931662,1,1,1,2010,1,25000,2,,1,1,1,25000
931688,2,1,1,2008,2,,1,1400,1,1,1,20000
931709,2,1,1,2005,2,,1,1500,1,2,,
931719,1,1,1,2000,2,,1,3000,1,1,3,150000
931741,1,1,1,2002,2,,1,1500,1,1,1,28000
931766,1,1,1,2000,2,,1,5000,1,1,1,30000
931766,2,1,1,2000,2,,1,5000,1,1,1,30000
931768,2,1,1,2015,2,,1,5000,1,2,,
931784,1,1,1,2017,2,,1,300,1,1,3,2000
931786,1,1,1,2020,2,,1,2500,1,2,,
931795,1,1,1,2020,2,,1,0,1,1,2,1000
931802,1,1,1,2018,1,50000,2,,1,2,,
931870,2,1,1,2018,2,,1,250,1,2,,
931881,1,1,1,2008,2,,1,1000,1,1,3,12000
931923,1,1,1,1990,2,,1,2000,1,2,,
931928,2,1,1,2000,1,1000,1,2000,1,1,1,40000
931945,1,1,1,2016,1,1000,2,,1,1,1,20000
931993,2,2,1,2013,1,30000,2,,1,2,,
932027,1,1,1,2015,2,,1,250,1,2,,
932027,2,1,1,2015,2,,1,250,1,2,,
932134,1,1,1,1994,2,,1,0,1,2,,
932185,1,1,1,2000,2,,1,1200,1,1,1,30000
932228,2,1,1,1999,1,1000,2,,1,2,,
932236,1,1,1,2020,2,,1,700,1,1,3,700
932282,1,1,1,2020,2,,1,1500,2,1,2,1500
932306,2,2,1,2011,2,,1,6000,1,1,3,6000
932311,1,1,1,2003,1,500,1,800,1,1,1,15000
932318,1,1,1,1991,2,,1,1200,1,1,1,100000
932318,2,1,1,1991,2,,1,1200,1,1,1,100000
932328,1,1,1,2015,2,,1,240,1,2,,
932332,1,1,1,2012,1,350,2,,1,2,,
932332,2,1,1,2012,1,350,2,,1,2,,
932341,2,1,1,2019,1,25000,2,,1,2,,
932351,1,1,1,2000,1,60000,2,,1,1,2,100000
932501,1,1,1,2000,2,,1,1500,1,1,1,30000
932572,1,1,1,2020,2,,1,0,1,2,,
932579,1,1,1,1998,2,,1,0,1,1,2,20000
932596,4,1,1,2004,2,,1,300,1,2,,
932611,1,1,1,2013,1,1000,1,1000,1,2,,
932623,1,1,1,2019,2,,1,400,1,2,,
932623,2,1,1,2019,2,,1,400,1,2,,
932641,1,1,1,2013,2,,1,0,1,1,1,300000
932641,2,1,1,2013,2,,1,20000,1,1,1,180000
932661,2,1,1,1990,1,10000,2,,1,2,,
932661,2,1,2,2010,1,10000,2,,1,2,,
932663,1,1,1,2015,2,,1,500,1,2,,
932663,2,1,1,2015,2,,1,500,1,2,,
932724,1,1,1,1970,2,,1,0,1,1,2,200000
932741,1,1,1,2014,1,100000,2,,1,2,,
932742,1,1,1,1980,2,,1,750,1,2,,
932773,1,1,1,2008,2,,1,2000,1,2,,
932773,1,1,2,2008,2,,1,10,1,2,,
932773,1,1,3,2010,2,,1,10,1,2,,
932780,1,1,1,2006,2,,1,500,1,1,1,200000
932780,2,2,1,2006,2,,1,1000,1,1,3,20000
932832,1,1,1,2019,2,,1,3000,1,2,,
932864,1,1,1,1998,2,,1,3000,1,2,,
932875,1,1,1,1990,2,,1,1500,1,2,,
932883,1,2,1,2017,2,,1,733,1,2,,
932883,2,2,1,2017,2,,1,733,1,2,,
932911,2,1,1,2008,2,,1,250,1,2,,
932958,1,1,1,2005,2,,1,200,1,2,,
932997,1,1,1,2000,2,,1,1000,1,2,,
933012,1,1,1,1997,1,0,2,,1,2,,
933036,1,1,1,2018,2,,1,15000,1,1,2,20000
933036,1,1,2,2019,2,,1,5000,1,1,2,7500
933036,1,1,3,2020,2,,1,15000,1,1,2,17500
933036,2,1,1,2015,2,,1,2000,1,2,,
933038,1,1,1,2010,2,,1,1000,2,1,3,10000
933043,1,1,1,2000,1,2500,2,,1,2,,
933045,2,1,1,2000,1,5000,1,5000,1,2,,
933100,1,1,1,2011,2,,1,1900,1,2,,
933146,1,1,1,2000,2,,1,1500,1,1,3,30000
933146,1,1,2,2018,2,,1,600,1,1,3,2000
933146,2,1,1,2020,2,,1,1500,1,1,3,1500
933244,1,1,1,2000,1,250,2,,1,2,,
933244,2,1,1,2015,1,250,2,,1,2,,
933265,1,1,1,2014,2,,1,10000,1,2,,
933279,1,1,1,2008,2,,1,0,1,2,,
933305,1,1,1,1993,2,,1,300,1,2,,
933503,1,1,1,2003,2,,1,2000,1,1,2,70000
933616,1,1,1,1980,1,20000,2,,1,2,,
933616,2,1,1,1980,1,20000,2,,1,2,,
933683,1,1,1,2012,2,,1,800,1,2,,
933683,2,2,1,2015,2,,1,1000,1,2,,
933686,1,1,1,1996,2,,1,0,1,1,2,100
933795,1,1,1,2018,2,,1,250,1,2,,
933795,2,1,1,2018,2,,1,250,1,2,,
933796,1,1,1,2007,2,,1,0,1,1,2,
933865,1,1,1,2010,2,,1,5000,1,1,1,50000
933865,2,1,1,2010,2,,1,5000,1,1,1,50000
933890,1,1,1,2020,2,,1,100,1,2,,
933890,2,1,1,2020,2,,1,100,1,2,,
933925,2,1,1,2005,2,,1,1000,1,2,,
933926,1,1,1,2007,1,800,2,,1,2,,
933926,1,1,2,2015,2,,1,0,1,2,,
933926,2,1,1,2007,1,500,2,,1,2,,
933933,2,1,1,1999,2,,1,2000,1,1,3,45000
933934,2,1,1,1990,2,,1,1500,2,1,1,150000
934061,1,1,1,2020,2,,1,120,1,1,3,200
934114,1,1,1,1980,2,,1,1500,1,1,1,60000
934114,2,1,1,1980,2,,1,1500,1,1,1,61000
934115,1,1,1,1990,2,,1,6000,1,2,,
934115,2,1,1,2004,1,100000,2,,1,1,1,520000
934132,1,1,1,1990,2,,1,5000,1,2,,
934141,1,1,1,2016,2,,1,500,1,2,,
934265,1,1,1,1995,1,2000,1,2000,1,2,,
934276,1,1,1,1998,1,2000,1,4000,1,2,,
934278,1,1,1,2018,1,500,1,500,1,2,,
934282,2,1,1,2010,1,500,1,500,1,2,,
934293,1,1,1,1985,1,1000,1,1000,1,1,2,200000
934296,1,1,1,2007,1,200,1,200,1,2,,
934296,2,2,1,2006,1,250,1,400,1,2,,
934312,1,1,1,1995,1,480,1,480,1,2,,
934316,1,1,1,2016,1,1000,1,1000,1,1,2,5000
934316,2,1,1,2010,1,2000,1,2000,1,1,2,20000
934324,1,1,1,2017,1,1000,1,1000,1,2,,
934324,2,1,1,2017,1,500,1,500,1,2,,
934324,3,1,1,2017,1,200,1,200,1,2,,
934324,4,1,1,2017,1,200,1,200,1,2,,
934329,1,1,1,2012,1,400,1,400,1,2,,
934329,2,1,1,2014,1,1000,1,1000,1,2,,
934377,1,2,1,2002,2,,1,1200,1,1,3,24000
934377,2,2,1,2001,2,,1,1100,1,1,1,25000
934406,1,1,1,2019,2,,1,98,1,2,,
934411,3,1,1,2016,1,350,1,350,1,2,,
934439,1,1,1,2000,2,,1,2000,1,2,,
934461,1,1,1,1990,2,,1,1200,1,2,,
934461,2,1,1,1990,2,,1,600,1,2,,
934481,1,1,1,1990,2,,1,2000,1,2,,
934483,1,1,1,2014,2,,1,400,1,2,,
934491,2,1,1,2014,1,5000,2,,1,2,,
934500,1,2,1,1990,2,,1,800,1,1,3,40000
934500,2,2,1,2002,2,,1,1300,1,1,1,30000
934671,1,1,1,2016,1,50000,2,,1,2,,
934716,1,1,1,2005,2,,1,2000,1,1,3,30000
934731,1,1,1,2016,2,,1,400,1,2,,
934753,1,1,1,2006,1,50000,2,,1,2,,
934764,2,1,1,2010,2,,1,300,1,2,,
934766,1,1,1,1999,2,,1,1000,1,2,,
934770,1,1,1,2008,2,,1,1800,1,2,,
934770,2,1,1,2015,2,,1,250,1,2,,
934786,1,1,1,2007,1,1000,1,300,1,2,,
934790,1,1,1,2006,2,,1,300,1,2,,
934803,1,1,1,2018,1,1000,1,1200,1,2,,
934870,1,1,1,2017,2,,1,150,1,2,,
934870,2,1,1,2017,2,,1,150,1,2,,
934871,2,1,1,2010,2,,1,300,1,2,,
934903,1,1,1,2018,2,,1,1500,1,1,1,3000
934903,3,1,1,2020,2,,1,500,1,2,,
934915,1,2,1,2015,1,1000,1,1000,1,1,1,40000
934915,2,2,1,2015,1,1000,1,40000,1,1,1,40000
934918,1,1,1,1997,2,,1,700,1,2,,
934918,2,1,1,2005,2,,1,1200,1,2,,
934956,1,1,1,2015,2,,1,300,1,2,,
934989,1,1,1,2017,2,,1,1300,1,1,2,5000
935001,2,1,1,2000,2,,1,1200,1,2,,
935011,1,1,1,1990,2,,1,500,1,2,,
935014,2,1,1,2020,2,,1,3000,1,2,,
935023,1,1,1,2016,2,,1,600,1,2,,
935023,2,2,1,2016,2,,1,600,1,2,,
935041,2,1,1,2017,2,,1,500,1,2,,
935073,1,1,1,1989,1,2000,1,2000,1,2,,
935161,1,1,1,2000,2,,1,4000,1,1,3,6000
935161,2,2,1,2000,2,,1,3000,1,2,,
935161,3,1,1,2016,2,,1,2000,1,2,,
935165,1,2,1,2015,2,,1,2000,1,2,,
935165,2,2,1,1980,2,,1,2000,1,2,,
935171,1,1,1,2018,1,1000,2,,1,2,,
935178,1,1,1,2000,2,,1,10000,1,2,,
935178,2,1,1,2007,2,,1,1000,1,1,3,65000
935187,1,1,1,2016,1,50000,1,2000,1,1,1,60000
935193,1,1,1,1980,2,,1,0,1,1,1,700000
935195,1,1,1,2001,2,,1,5000,1,1,1,100000
935201,3,1,1,1997,1,1200,1,8000,1,1,1,38000
935201,3,1,2,2005,1,1000,1,1000,1,1,1,40000
935201,3,1,3,2004,1,2000,1,2000,1,1,1,34000
935280,1,1,1,1990,2,,1,1150,1,2,,
935431,1,1,1,2004,2,,1,3000,2,1,3,28000
935443,1,1,1,2005,1,10000,1,500,1,1,1,100000
935558,1,1,1,1980,2,,1,1000,1,2,,
935579,1,1,1,1980,2,,1,0,1,1,1,18000
935587,1,1,1,1998,2,,1,5000,1,2,,
935594,1,1,1,2015,2,,1,5000,1,1,2,33333
935594,2,1,1,2000,2,,1,2400,1,1,3,60000
935638,1,1,1,1992,2,,1,1500,1,2,,
935638,2,1,1,2015,2,,1,1200,1,2,,
935643,2,2,1,2015,2,,1,3600,1,1,1,22000
935676,1,1,1,1970,2,,1,1500,1,2,,
935683,1,1,1,1980,2,,1,2000,1,2,,
935686,1,1,1,1980,2,,1,2000,1,2,,
935702,2,1,1,2005,2,,1,3000,1,1,3,100000
935705,1,1,1,1990,2,,1,300,1,2,,
935716,2,2,1,2007,2,,1,2000,1,1,1,29000
935825,1,1,1,2000,2,,1,1000,1,1,2,50000
935825,2,2,1,2000,2,,1,1000,1,1,3,50000
935871,1,1,1,2010,1,5000,1,1000,1,1,3,15000
935877,1,1,1,2010,2,,1,4000,1,1,3,30000
935877,2,1,1,2015,2,,1,5000,1,1,3,5000
935940,2,1,1,2000,2,,1,1800,1,1,3,42000
936049,1,1,1,1985,2,,1,160,1,2,,
936093,2,1,1,2000,2,,1,2000,1,2,,
936133,1,1,1,2015,1,1200,2,,1,2,,
936426,2,1,1,2000,2,,1,2000,1,1,3,40000
936465,1,1,1,2019,1,100000,2,,1,2,,
936470,1,1,1,1990,2,,1,1300,1,1,1,25000
936470,2,1,1,1990,2,,1,900,1,1,1,15000
936483,1,1,1,1990,2,,1,1700,1,1,1,45000
936483,2,1,1,1990,2,,1,1700,1,1,1,45000
936513,1,1,1,1993,2,,1,2500,1,1,2,50000
936513,2,1,1,1995,2,,1,2500,1,1,1,45000
936638,1,1,1,2014,1,2000,2,,1,2,,
936649,1,1,1,2010,1,3000,1,2500,1,2,,
936656,1,1,1,1989,2,,1,800,1,2,,
936657,2,2,1,2010,2,,1,720,1,1,1,7500
936668,1,1,1,1989,2,,1,1000,1,2,,
936683,2,2,1,2015,2,,1,200,1,2,,
936688,1,1,1,1992,1,400,1,300,1,2,,
936689,1,1,1,1995,2,,1,1000,1,2,,
936692,1,1,1,2000,2,,1,3000,1,2,,
936704,1,1,1,2005,2,,1,2500,1,1,3,37000
936723,1,1,1,2000,2,,1,5000,1,1,2,100000
936739,1,1,1,2014,2,,1,200,1,2,,
936783,1,1,1,2009,2,,1,1000,1,2,,
936794,1,1,1,2014,1,5000,1,5000,1,1,3,30000
936794,2,1,1,2015,1,5000,1,5000,1,1,1,30000
936801,1,1,1,2016,2,,1,5000,1,1,1,20000
936824,1,1,1,1996,2,,1,200,1,2,,
936839,1,1,1,1986,2,,1,100,1,2,,
936850,1,1,1,2004,2,,1,2700,1,2,,
936850,1,1,2,2019,2,,1,1000,1,2,,
936850,1,1,3,2019,2,,1,600,1,2,,
936850,2,1,1,2010,2,,1,500,1,1,2,15000
936862,1,1,1,2016,2,,1,680,1,2,,
936872,1,1,1,2000,2,,1,1200,1,1,1,20000
936872,2,1,1,2000,2,,1,1200,1,2,,
936874,1,1,1,2008,2,,1,300,1,2,,
936976,1,1,1,2010,1,5000,1,200,2,1,2,7000
937000,1,1,1,2010,1,5000,1,2000,1,1,3,20000
937021,1,1,1,2010,2,,1,1000,1,2,,
937024,2,2,1,2010,2,,1,200,1,2,,
937024,3,3,1,2019,2,,1,200,1,2,,
937030,1,1,1,2007,1,250,1,1000,1,1,3,20000
937030,2,1,1,2007,1,250,1,1000,1,1,3,15000
937056,1,1,1,2000,2,,1,500,1,1,1,10000
937088,2,1,1,1995,2,,1,1000,2,1,3,20000
937120,1,2,1,1998,2,,1,5000,1,2,,
937125,1,1,1,1995,2,,1,1500,1,2,,
937156,1,1,1,2004,2,,1,0,1,2,,
937162,1,1,1,2016,1,100000,2,,1,1,1,400000
937162,2,1,1,2018,1,100000,2,,1,1,1,200000
937173,1,1,1,2000,2,,1,500,1,2,,
937173,2,2,1,1995,2,,1,500,1,2,,
937194,1,1,1,1973,2,,1,1500,1,1,1,10000
937194,2,1,1,1971,2,,1,1000,1,2,,
937209,2,1,1,2010,2,,1,1000,1,2,,
937249,1,1,1,2015,2,,1,1000,1,1,3,13000
937306,1,1,1,2017,2,,1,2500,1,2,,
937306,2,1,1,2017,2,,1,2500,1,2,,
937442,1,1,1,2005,2,,1,220,1,2,,
937460,1,1,1,2017,1,65000,2,,1,2,,
937559,1,2,1,2000,2,,1,5000,1,1,3,50000
937559,2,2,1,2000,2,,1,5000,1,1,3,50000
937585,1,1,1,2010,2,,1,5000,2,1,2,50000
937585,2,1,1,2010,2,,1,2000,2,1,2,20000
937603,1,1,1,2000,2,,1,2500,1,1,2,50000
937608,1,1,1,1990,2,,1,150,1,2,,
937631,1,1,1,2003,2,,1,166,1,1,3,30000
937697,1,1,1,2009,2,,1,150,1,2,,
937729,1,1,1,2010,2,,1,250,1,2,,
937981,1,1,1,2019,2,,1,1500,1,2,,
937989,1,1,1,1992,2,,1,2400,1,1,1,80000
937989,2,2,1,1992,2,,1,2400,1,1,1,80000
937994,2,1,1,2015,2,,1,2400,1,1,3,12000
937999,1,1,1,2005,2,,1,5000,1,1,2,60000
938107,1,1,1,2013,2,,1,2000,1,2,,
938110,2,1,1,2018,2,,1,1200,1,1,3,4000
938321,1,1,1,1999,2,,1,200,1,2,,
938321,2,2,1,1990,2,,1,1500,1,1,3,120000
938362,1,1,1,2005,2,,1,500,2,1,3,10000
938440,1,1,1,2011,2,,1,82,1,2,,
938440,2,2,1,2018,2,,1,2400,1,2,,
938443,1,1,1,1993,2,,1,1800,1,2,,
938443,1,1,2,1998,2,,1,600,1,1,1,12000
938443,1,1,3,1998,2,,1,650,1,2,,
938443,2,1,1,1999,2,,1,0,1,1,2,100
938495,1,1,1,2000,1,1000,1,1500,1,1,1,35000
938546,1,1,1,2015,1,15000,2,,1,1,2,16000
938546,2,2,1,2015,1,15000,2,,1,1,2,16000
938608,1,1,1,2015,1,2400,1,2400,1,2,,
938652,1,1,1,2000,2,,1,1200,1,1,1,30000
938652,2,2,1,2000,2,,1,1200,1,1,1,35000
938657,1,1,1,2015,2,,1,1800,1,2,,
938668,1,1,1,2001,2,,1,300,1,2,,
938673,1,1,1,2010,2,,1,10000,1,2,,
938713,1,1,1,2000,2,,1,2,1,2,,
938803,1,1,1,2014,1,200000,2,,1,2,,
939035,1,1,1,2011,1,10000,2,,1,2,,
939035,2,1,1,2011,1,10000,2,,1,1,1,12000
939041,1,1,1,2001,1,110,1,1320,1,1,3,25000
939041,2,1,1,2001,1,110,1,1320,1,1,3,25000
939066,1,1,1,2015,1,70000,2,,1,1,3,73000
939109,2,1,1,2019,1,35000,2,,1,2,,
939114,1,1,1,1999,2,,1,1000,1,2,,
939114,2,1,1,2014,2,,1,1200,1,2,,
939153,1,1,1,1988,2,,1,2000,1,2,,
939154,2,1,1,2000,2,,1,1200,1,2,,
939157,1,1,1,2013,2,,1,1440,1,2,,
939161,2,1,1,2000,2,,1,2000,1,1,3,50000
939168,2,1,1,2003,2,,1,5000,1,1,3,100000
939173,1,1,1,1970,2,,1,400,2,1,3,30000
939173,2,1,1,1980,2,,1,400,2,1,3,30000
939188,1,1,1,2012,2,,1,200,2,1,3,15000
939260,1,1,1,1997,2,,1,800,1,2,,
939260,1,1,2,2012,2,,1,1300,1,2,,
939263,1,1,1,2005,2,,1,1000,1,1,3,18000
939272,1,1,1,2008,2,,1,2000,1,2,,
939300,1,1,1,1991,2,,1,260,1,2,,
939302,1,1,1,2009,2,,1,800,1,2,,
939302,1,1,2,2018,2,,1,250,1,2,,
939308,1,1,1,1995,2,,1,6000,1,2,,
939322,1,1,1,2010,2,,1,3000,1,1,3,35000
939322,2,1,1,2010,2,,1,3000,1,1,3,35000
939384,1,1,1,2000,2,,1,2500,1,2,,
939527,1,1,1,1999,2,,1,3000,1,1,1,150000
939528,1,1,1,2000,1,2000,1,2000,1,1,3,50000
939529,1,1,1,2010,2,,1,2000,1,2,,
939606,1,1,1,2020,2,,1,300,1,1,3,10000
939677,1,1,1,1998,1,20000,1,2500,1,2,,
939691,2,2,1,2013,1,20000,2,,1,1,1,25000
939895,1,1,1,1990,1,25000,2,,1,2,,
939909,1,1,1,1990,1,2000,1,3000,1,2,,
939963,1,1,1,2008,1,1000,1,2000,1,2,,
939963,1,1,2,2000,1,1000,1,2000,1,2,,
939963,1,1,3,2000,1,1000,1,500,1,2,,
939963,1,1,4,2000,1,1000,2,,1,2,,
939963,2,1,1,2016,1,1000,2,,1,2,,
939963,2,1,2,2016,1,1000,2,,1,2,,
940031,1,1,1,2018,2,,1,0,1,2,,
940031,2,1,1,2010,2,,1,0,1,2,,
940050,1,1,1,2000,2,,1,500,1,2,,
940094,1,1,1,2007,1,600,1,600,1,1,2,11000
940191,1,1,1,2015,1,260000,1,0,1,2,,
940246,1,1,1,2010,1,30000,2,,1,2,,
940354,1,1,1,2000,1,1000,2,,2,1,3,2000
940433,1,1,1,2018,2,,1,580,1,1,1,1800
940456,1,1,1,2005,1,1000,1,5000,1,1,2,40000
940484,1,1,1,2015,1,1200,1,100,1,2,,
940559,1,1,1,2006,2,,1,1400,1,2,,
940586,1,1,1,2000,2,,1,4000,1,1,1,90000
940643,1,1,1,2000,2,,1,7000,1,1,1,140000
940643,2,1,1,2000,2,,1,7000,1,1,3,150000
940884,1,1,1,2000,2,,1,3500,1,1,1,70000
940884,2,1,1,2000,2,,1,3500,1,1,1,70000
941156,1,1,1,2010,2,,1,2000,1,2,,
941168,2,1,1,2016,2,,1,1500,1,2,,
941244,2,2,1,1998,2,,1,,1,2,,
941464,1,1,1,2004,2,,1,200,1,2,,
941482,1,1,1,2013,2,,1,0,1,2,,
941494,1,1,1,2000,2,,1,1300,1,1,3,150000
941592,1,1,1,2009,2,,1,1200,1,2,,
941592,2,1,1,2009,2,,1,500,1,2,,
941658,1,1,1,2020,1,1000,1,,1,1,1,1000
941821,1,1,1,2015,2,,1,600,1,2,,
941821,2,1,1,2015,2,,1,300,1,2,,
941932,1,1,1,1990,2,,1,100,1,2,,
941932,2,2,1,2015,2,,1,3000,1,2,,
941939,1,1,1,2010,1,10000,2,,1,1,2,3500
942053,1,1,1,1999,2,,1,300,1,2,,
942071,1,1,1,2011,2,,1,100,1,2,,
942073,1,1,1,1989,1,1200,2,,1,2,,
942073,2,1,1,1993,2,,1,1200,1,2,,
942316,1,1,1,2000,2,,1,2000,1,1,1,40000
942403,1,1,1,1974,2,,1,20000,2,1,1,800000
942403,1,1,2,1974,2,,1,20000,2,1,2,800000
942417,2,1,1,2014,2,,1,4800,1,1,1,30000
942428,2,1,1,2000,2,,1,4000,1,1,1,20000
942583,1,1,1,1990,1,2000,1,2000,1,1,1,30000
942663,1,1,1,2010,1,20000,2,,1,1,3,50000
942663,2,1,1,2010,1,20000,2,,1,1,3,50000
942716,1,1,1,2003,1,80000,2,,1,2,,
942716,1,1,2,2010,1,60000,2,,1,2,,
942747,1,2,1,1990,2,,1,1000,1,2,,
942747,2,2,1,1990,2,,1,1000,1,2,,
943283,1,1,1,2009,1,1000,1,1000,1,2,,
943283,1,1,2,2011,1,1000,1,1000,1,2,,
943283,1,1,3,2015,1,1000,1,1000,1,2,,
943328,2,1,1,2005,2,,1,1000,1,2,,
943973,1,1,1,1990,2,,1,300,1,1,3,40000
944012,1,1,1,1990,2,,1,1200,1,1,1,30000
944012,2,1,1,1990,2,,1,1200,1,1,1,30000
944036,1,1,1,2015,2,,1,1200,1,1,1,6000
944036,2,1,1,2015,2,,1,1200,1,1,1,6000
944099,1,1,1,2018,1,300000,2,,1,1,1,312000
944105,1,1,1,1990,2,,1,2000,1,2,,
944136,2,1,1,2011,2,,1,1572,1,2,,
944142,1,1,1,2014,1,2000,2,,1,2,,
944142,2,1,1,2014,2,,1,600,1,2,,
944191,1,1,1,2015,2,,1,1200,2,1,3,7500
944383,1,1,1,2005,2,,1,5000,1,2,,
944620,2,1,1,2015,2,,1,1400,1,1,3,6500
944666,2,2,1,2000,2,,1,1000,1,1,1,20000
944731,1,1,1,2015,2,,1,1400,1,2,,
944731,2,1,1,2015,2,,1,1400,1,2,,
944839,1,1,1,1998,1,2400,1,2400,1,1,1,10000
944839,2,1,1,2005,1,2400,1,2400,1,1,1,15000
944905,3,2,1,2017,2,,1,1000,1,1,3,4000
944914,1,1,1,2000,2,,1,3000,1,1,1,60000
944914,2,1,1,2000,2,,1,3000,1,1,1,60000
944980,1,1,1,2019,2,,1,150,1,1,1,1200
944991,1,1,1,2015,2,,1,1200,1,1,1,6500
945013,1,1,1,2010,2,,1,2400,1,1,1,25000
945022,2,1,1,2015,1,400,1,4800,1,2,,
945078,1,1,1,1999,1,500,1,1200,1,2,,
945209,2,1,1,2014,1,1500,1,1500,1,1,3,8000
945223,1,1,1,2016,1,500,1,2000,1,1,1,8500
945443,1,1,1,2000,1,2500,1,3500,1,1,2,40000
945451,2,1,1,2012,1,2500,1,2600,1,1,3,25000
945473,2,1,1,2005,1,2000,1,2000,1,1,1,45000
945475,1,1,1,2000,2,,1,1500,1,1,1,350000
945475,2,1,1,2010,1,5000,1,6000,1,1,1,60000
945498,1,1,1,2000,2,,1,1500,1,1,1,320000
945501,1,1,1,2005,1,1000,1,800,1,1,1,1000
945764,1,1,1,2015,2,,1,150,1,2,,
945771,1,1,1,2015,1,20000,2,,1,1,1,21000
945791,3,1,1,2015,2,,1,1200,2,1,1,10000
945812,3,1,1,2010,2,,1,1200,2,1,1,10000
945812,3,1,2,2010,2,,1,1200,2,1,2,10000
945812,4,1,1,2015,2,,1,1200,2,1,3,6000
945951,1,2,1,2005,2,,1,100,1,1,3,5000
945993,1,2,1,2016,2,,1,1500,1,1,3,4000
945993,2,2,1,2019,2,,1,1200,1,1,3,1500
946077,1,1,1,1993,2,,1,1291,1,2,,
946077,1,1,2,2018,1,30000,2,,1,2,,
946077,1,1,3,2020,1,50000,2,,1,2,,
946077,2,2,1,2018,1,30000,2,,1,2,,
946242,1,1,1,2010,2,,1,720,2,1,1,7200
946252,1,1,1,2016,2,,1,300,1,2,,
946432,1,1,1,2001,1,350,2,,1,2,,
946432,1,1,2,2007,1,200,2,,1,1,1,10000
946432,1,1,3,2009,1,250,2,,1,2,,
946432,1,1,4,2013,1,300,2,,1,2,,
946432,1,1,5,2019,1,300,2,,1,2,,
946432,2,2,1,2002,1,500,2,,1,2,,
946455,1,1,1,2014,2,,1,1600,1,2,,
946487,1,1,1,1990,1,250,1,300,1,2,,
946581,1,1,1,1985,2,,1,4000,1,1,3,38500
946621,1,1,1,2011,1,100,1,1000,1,2,,
946723,2,1,1,2013,2,,1,2400,1,1,3,17000
946723,3,1,1,2013,2,,1,2400,1,1,3,17000
946979,1,1,1,2010,1,1000,2,,1,1,1,20000
946989,1,1,1,2017,2,,1,2000,1,2,,
947049,1,1,1,2018,1,1,1,12,2,1,2,100
947251,2,1,1,2010,2,,1,1200,1,2,,
947339,1,1,1,2016,1,200,2,,1,2,,
947779,1,1,1,2009,2,,1,3000,1,1,1,36000
947808,1,1,1,1984,1,99999,2,,2,1,3,
947813,1,1,1,2010,2,,1,100,1,2,,
947813,2,2,1,2015,2,,1,100,1,2,,
947821,1,1,1,1998,2,,1,0,1,2,,
947951,1,1,1,2005,1,51000,2,,1,2,,
947951,2,1,1,2005,1,51000,2,,1,2,,
947955,1,1,1,1985,1,50,1,5000,1,1,1,30000
947955,1,1,2,2000,1,2000,1,1000,1,1,1,20000
947955,2,1,1,2000,1,2000,1,2000,1,1,1,20000
947997,2,2,1,2010,2,,1,1800,1,1,3,12000
948023,1,1,1,2013,2,,1,2400,1,1,1,20000
948079,1,1,1,2007,1,1300,1,1300,1,2,,
948079,2,1,1,2007,1,500,1,500,1,2,,
948140,2,1,1,2012,2,,1,216,1,2,,
948140,3,1,1,2011,2,,1,1500,2,1,1,14000
948165,1,1,1,2006,2,,1,1200,1,2,,
948175,1,1,1,2015,2,,1,200,1,1,3,18000
948227,3,1,1,2000,1,1000,2,,2,1,3,20000
948238,1,1,1,2000,2,,1,1900,1,1,1,21000
948356,1,1,1,2011,2,,1,420,1,2,,
948394,1,1,1,2013,2,,1,1900,1,1,3,9000
948406,2,1,1,2011,2,,1,10000,1,1,1,25000
948427,1,2,1,2015,2,,1,2500,1,1,2,12500
948427,2,2,1,2015,2,,1,2500,1,1,2,12500
948454,1,1,1,2014,1,2400,1,2400,1,2,,
948454,2,1,1,2015,1,5000,1,5000,1,1,1,12000
948471,1,1,1,2005,2,,1,1500,2,1,2,15000
948594,1,1,1,1992,2,,1,1200,1,1,1,50000
948594,1,1,2,1992,2,,1,1700,1,1,2,60000
948594,1,1,3,2018,1,75000,1,0,1,1,2,10000
948883,2,1,1,1996,2,,1,2000,1,1,1,50000
948922,1,1,1,1991,2,,1,500,1,2,,
948932,2,1,1,1995,2,,1,1500,1,1,3,37500
948933,1,1,1,2015,2,,1,5000,1,2,,
948957,2,1,1,1992,2,,1,1000,1,1,1,29000
948987,2,1,1,2020,2,,1,1200,1,1,1,1200
949020,1,1,1,2015,1,50000,2,,1,1,1,52000
949037,2,1,1,2016,2,,1,2400,1,1,1,12000
949045,1,1,1,1996,2,,1,1000,1,1,1,25000
949053,1,1,1,2000,1,30000,2,,1,2,,
949095,2,1,1,2000,2,,1,3600,1,1,3,72000
949103,1,1,1,2010,2,,1,1500,1,1,1,16500
949110,1,1,1,2010,1,10000,2,,1,2,,
949110,2,1,1,2010,1,10000,2,,1,2,,
949117,1,1,1,2000,2,,1,2400,1,2,,
949117,2,1,1,2001,2,,1,2400,1,2,,
949119,2,1,1,2019,1,25000,2,,1,2,,
949119,2,1,2,2019,1,25000,2,,1,2,,
949132,1,1,1,2000,2,,1,100,1,2,,
949132,1,1,2,2015,2,,1,560,1,2,,
949132,2,1,1,2015,2,,1,560,1,2,,
949157,1,1,1,2018,2,,1,500,1,2,,
949157,2,1,1,2018,2,,1,500,1,2,,
949166,1,1,1,2006,2,,1,1000,1,2,,
949204,1,1,1,2006,2,,1,300,1,1,1,4500
949221,3,1,1,2010,2,,1,1200,1,1,3,13000
949223,1,1,1,2017,2,,1,3000,1,1,3,12000
949223,2,1,1,2017,2,,1,3000,1,1,1,12000
949244,2,2,1,2018,2,,1,240,1,1,1,720
949245,1,1,1,1994,2,,1,6000,1,1,1,160000
949245,1,1,2,2000,2,,1,3000,1,2,,
949264,1,1,1,1990,2,,1,0,1,2,,
949272,1,1,1,2010,2,,1,512,1,2,,
949280,1,1,1,2007,2,,1,516,1,2,,
949292,1,1,1,2018,2,,1,160,1,1,3,480
949331,1,1,1,2019,1,80,1,35,1,2,,
949331,2,1,1,2019,1,80,1,35,1,2,,
949348,1,1,1,2013,2,,1,120,1,2,,
949371,1,1,1,2008,2,,1,96,1,1,1,1250
949372,1,1,1,2009,2,,1,750,1,1,1,9000
949372,2,2,1,2009,2,,1,750,1,1,1,9000
949414,1,1,1,2010,1,3000,2,,1,2,,
949426,1,1,1,2003,2,,1,1700,2,1,3,35000
949426,2,1,1,2006,2,,1,2000,2,1,3,28000
949448,1,1,1,2011,2,,1,3500,1,1,1,40000
949483,1,1,1,2000,1,10000,1,12000,1,2,,
949483,2,2,1,2000,1,4000,1,4000,1,2,,
949495,1,1,1,1990,2,,1,6000,1,1,1,330000
949495,2,1,1,1995,2,,1,6000,1,1,1,270000
949511,1,1,1,2007,2,,1,2000,1,1,1,27000
949517,1,1,1,2019,1,5000,2,,1,2,,
949517,2,2,1,2007,1,70000,2,,1,2,,
949547,2,1,1,2000,1,100000,2,,1,1,1,100000
949587,2,1,1,2000,2,,1,2500,1,1,1,60000
949717,1,1,1,2019,1,10000,2,,1,2,,
949717,2,1,1,2014,1,20000,2,,1,2,,
949718,2,1,1,2008,1,1000,1,1200,1,2,,
949719,1,1,1,2006,2,,1,700,1,2,,
949719,1,1,2,2008,2,,1,400,1,2,,
949720,1,1,1,2001,1,1000,1,2500,1,1,3,80000
949862,2,2,1,2019,2,,1,1200,1,1,1,2400
949887,3,1,1,2009,2,,1,1200,1,1,2,15000
949888,1,1,1,2007,2,,1,3000,1,2,,
949908,1,1,1,1970,2,,1,2000,1,1,1,50000
949908,2,1,1,1970,1,2000,1,1500,1,1,2,100000
949919,1,1,1,2010,2,,1,300,1,1,1,3000
949919,2,1,1,2005,2,,1,300,1,1,1,4500
949920,1,1,1,1995,2,,1,200,1,1,2,30000
949924,1,1,1,2000,2,,1,1000,1,1,2,20000
949924,2,1,1,2015,2,,1,500,1,1,1,2500
949928,1,1,1,2000,2,,1,500,1,1,1,50000
949947,2,1,1,2000,2,,1,300,1,1,1,20000
949973,1,1,1,1995,2,,1,5100,1,1,2,100000
949973,1,1,2,2011,2,,1,2400,1,1,2,20000
949978,1,1,1,2011,2,,1,1500,1,2,,
949978,2,1,1,2000,2,,1,2000,1,2,,
949996,1,1,1,1998,2,,1,52,1,2,,
950067,2,1,1,2000,2,,1,200,2,1,1,20000
950168,1,1,1,2014,1,1000,1,6000,1,1,1,25000
950222,1,1,1,1980,1,999,2,,1,2,,
951018,1,1,1,2000,2,,1,2000,1,2,,
951073,1,1,1,1995,1,1200,1,250,1,1,3,25000
951096,1,1,1,2000,2,,1,1000,1,1,1,25000
951139,1,1,1,2005,2,,1,5000,1,2,,
951139,2,1,1,2010,2,,1,3000,1,1,1,45000
951161,1,1,1,2000,2,,1,1000,1,1,1,30000
951167,1,1,1,2015,2,,1,1500,1,2,,
951173,1,1,1,1993,1,240,1,240,1,1,1,20000
951202,1,1,1,2007,2,,1,0,1,2,,
951246,1,1,1,2010,1,200,1,200,1,2,,
951250,1,2,1,2010,2,,1,1000,1,2,,
951262,1,1,1,2013,1,100,2,,1,2,,
951266,1,1,1,2015,2,,1,10000,1,2,,
951266,2,1,1,2018,1,2000,2,,1,2,,
951266,3,1,1,2020,1,500,2,,2,2,,
951266,4,1,1,2020,1,500,2,,2,2,,
951288,1,1,1,2015,2,,1,700,1,2,,
951337,1,1,1,2001,2,,1,1500,1,1,1,16000
951337,2,1,1,1995,1,1500,1,3000,1,1,1,32000
951345,1,1,1,2003,2,,1,2000,1,1,1,40000
951367,1,1,1,2000,1,5000,1,1500,1,1,1,15000
951367,1,1,2,2000,1,10000,1,3000,1,1,1,65000
951367,2,1,1,2000,1,5000,1,1000,1,1,1,25000
951397,2,1,1,2015,1,10000,1,5000,1,2,,
951400,1,1,1,2017,2,,1,270,1,2,,
951400,2,1,1,2017,2,,1,270,1,2,,
951401,1,1,1,2018,2,,1,400,1,2,,
951408,1,1,1,1990,2,,1,0,2,1,1,30000
951408,2,1,1,2005,2,,1,0,2,1,1,30000
951435,1,1,1,2018,2,,1,3500,1,1,1,10500
951458,1,1,1,1963,2,,1,3900,1,2,,
951458,2,1,1,1963,2,,1,3900,1,2,,
951463,1,1,1,2018,1,230,2,,1,2,,
951466,2,1,1,2002,2,,1,700,1,1,3,14000
951466,2,1,2,2002,2,,1,800,1,1,3,15000
951469,1,1,1,2010,1,100000,2,,1,1,3,100000
951473,1,1,1,2013,2,,1,500,1,2,,
951488,1,1,1,2015,1,1800,1,1900,1,1,1,
951493,1,1,1,2015,2,,1,2000,1,2,,
951493,2,1,1,2015,2,,1,2000,1,2,,
951621,1,1,1,2000,2,,1,1200,1,1,2,10000
951622,1,1,1,1990,2,,1,1000,1,2,,
951631,2,1,1,2000,2,,1,200,1,2,,
951665,1,2,1,1990,2,,1,1200,2,1,3,1000
951739,1,1,1,2016,2,,1,300,1,2,,
951739,2,2,1,2016,2,,1,300,1,2,,
951759,1,1,1,2017,2,,1,800,1,1,1,20000
951773,1,1,1,1995,2,,1,400,1,1,2,150000
951773,2,1,1,2008,2,,1,250,1,1,2,75000
951812,1,1,1,2006,2,,1,1200,1,2,,
951812,2,1,1,2006,2,,1,500,1,2,,
951814,3,1,1,2010,2,,1,3000,1,1,1,32000
951818,1,1,1,2005,2,,1,100,1,2,,
951820,1,1,1,2019,1,150,1,150,1,2,,
951820,2,1,1,2019,1,150,1,150,1,2,,
951860,1,1,1,2020,2,,1,700,1,2,,
951865,2,1,1,2000,2,,1,2000,1,1,3,40000
951866,1,1,1,2011,2,,1,1440,1,2,,
951866,1,1,2,2015,2,,1,1500,1,2,,
951866,1,1,3,2015,2,,1,1500,1,2,,
951866,2,1,1,2011,2,,1,1300,1,2,,
951881,1,1,1,2010,2,,1,500,1,1,1,5000
951885,1,1,1,2014,2,,1,2000,1,1,3,7000
951885,2,1,1,2000,2,,1,1700,1,1,1,30000
951942,1,1,1,2007,2,,1,600,1,2,,
951961,1,1,1,2008,2,,1,360,1,2,,
951962,1,1,1,2020,2,,1,420,1,2,,
951997,1,1,1,1998,1,10000,1,250,1,2,,
951997,2,1,1,2015,1,500,1,180,1,2,,
952004,1,1,1,2010,2,,1,3000,1,1,1,10000
952025,1,1,1,2001,2,,1,100,1,2,,
952040,1,1,1,1995,1,2000,1,2400,1,2,,
952098,1,1,1,2000,2,,1,2000,1,1,1,43000
952104,1,1,1,2018,1,2500,1,1200,1,2,,
952122,1,1,1,1995,2,,1,500,1,2,,
952189,1,1,1,2005,2,,1,1200,1,1,1,19000
952222,1,1,1,2015,1,7000,1,500,1,2,,
952228,1,1,1,1998,2,,1,1100,1,1,1,27000
952337,1,1,1,2010,2,,1,2000,1,2,,
952337,2,1,1,2010,2,,1,2000,1,2,,
952454,1,1,1,2007,2,,1,0,1,2,,
952454,2,1,1,1999,2,,1,0,1,2,,
952519,1,1,1,1998,2,,1,170,1,1,3,4500
952550,1,1,1,2015,2,,1,250,1,1,3,1250
952574,1,1,1,2004,2,,1,750,1,1,1,20000
952595,1,1,1,2016,2,,1,1500,1,1,1,6500
952645,1,1,1,2019,2,,1,1200,1,1,2,3000
952645,2,1,1,2019,2,,1,1200,1,1,3,3000
952682,1,1,1,2019,2,,1,360,1,2,,
952705,1,1,1,2000,2,,1,500,1,1,1,30000
952705,2,1,1,2000,2,,1,5000,1,1,1,15000
952721,2,2,1,1989,2,,1,500,1,2,,
952723,1,1,1,2008,2,,1,10000,1,2,,
952739,1,1,1,2011,2,,1,1500,1,1,1,25000
952767,1,1,1,2000,2,,1,2000,1,2,,
952767,2,1,1,2000,2,,1,3000,1,2,,
952806,2,2,1,1986,2,,1,500,1,2,,
952815,1,1,1,2019,2,,1,1000,1,2,,
952819,1,1,1,2016,1,5000,1,0,1,1,3,30000
952850,1,2,1,2015,2,,1,6000,1,2,,
952850,2,2,1,2010,2,,1,4800,1,2,,
952871,2,1,1,2010,2,,1,1500,2,1,3,14000
952909,1,1,1,2008,1,500,1,500,1,2,,
952909,1,1,2,2018,1,700,1,700,1,2,,
952909,2,1,1,2018,1,500,1,500,1,2,,
952933,1,1,1,2007,1,400,1,400,1,2,,
952960,1,1,1,1997,2,,1,350,1,2,,
952960,2,1,1,2013,2,,1,7000,1,2,,
952968,1,2,1,2005,2,,1,2700,1,1,3,60000
952968,2,2,1,2010,2,,1,1600,1,1,1,25000
952974,2,1,1,2011,2,,1,300,2,1,3,5000
952987,1,1,1,2016,1,330,1,330,1,2,,
952987,2,1,1,2016,1,270,1,270,1,2,,
952988,1,1,1,2001,1,400,1,400,1,1,3,13000
952988,2,1,1,2017,1,400,1,400,1,1,3,2000
953011,1,2,1,2018,2,,1,220,1,1,3,2000
953011,2,2,1,2018,2,,1,220,1,1,2,2000
953018,1,2,1,2016,2,,1,290,1,2,,
953034,1,1,1,2012,2,,1,100,1,2,,
953034,1,1,2,2018,2,,1,100,1,2,,
953071,2,1,1,1990,2,,1,850,1,1,1,30000
953093,2,1,1,2020,2,,1,300,1,2,,
953096,1,2,1,2015,2,,1,210,1,1,1,
953096,2,2,1,2015,2,,1,200,1,2,,
953103,1,1,1,2011,2,,1,50,2,1,3,500
953103,2,1,1,2011,2,,1,50,1,2,,
953112,1,1,1,2014,2,,1,900,1,1,3,6000
953116,1,1,1,2012,2,,1,1600,1,2,,
953134,1,1,1,2018,2,,1,100,1,1,3,300
953134,2,1,1,2005,2,,1,250,1,1,3,3500
953211,1,1,1,2000,2,,1,300,1,2,,
953222,1,1,1,1985,2,,1,600,1,2,,
953222,2,1,1,1985,2,,1,600,1,2,,
953224,1,1,1,2012,2,,1,600,1,2,,
953224,2,1,1,2016,2,,1,500,1,2,,
953225,1,1,1,2019,2,,1,4000,1,1,3,4000
953227,1,1,1,2011,2,,1,600,1,2,,
953230,1,1,1,2015,2,,1,2800,1,1,3,17200
953232,1,1,1,2010,2,,1,700,1,2,,
953268,1,1,1,2011,2,,1,178,1,2,,
953304,1,1,1,2000,2,,1,1000,1,2,,
953315,1,1,1,2013,2,,1,300,1,2,,
953315,2,1,1,2013,1,200,2,,1,2,,
953320,1,1,1,2017,2,,1,550,1,2,,
953399,1,2,1,2019,1,5000,2,,1,2,,
953441,1,1,1,2006,2,,1,2400,1,2,,
953445,1,1,1,2016,2,,1,1500,1,2,,
953468,1,2,1,2000,2,,1,2500,1,1,3,62000
953520,1,2,1,2000,1,1500,2,,1,1,1,18000
953550,1,1,1,2010,2,,1,100,1,2,,
953599,1,1,1,2000,2,,1,1500,1,2,,
953610,1,1,1,2019,2,,1,720,1,2,,
953610,2,2,1,2019,2,,1,680,1,2,,
953610,3,1,1,2005,2,,1,680,1,1,1,11600
953610,4,1,1,2009,2,,1,750,1,1,1,9700
953623,1,1,1,2012,2,,1,300,1,1,3,3900
953623,2,1,1,2012,2,,1,300,1,1,3,4000
953624,1,1,1,2017,2,,1,550,1,2,,
953628,1,1,1,2000,1,500,1,500,1,1,3,10000
953692,1,1,1,2000,2,,1,800,1,1,1,15000
953692,2,1,1,2015,2,,1,1500,1,2,,
953699,2,1,1,2010,2,,1,1400,1,1,3,20000
953807,1,2,1,2000,2,,1,2000,1,2,,
953807,2,2,1,2000,2,,1,2000,1,2,,
953888,1,1,1,2010,2,,1,1000,1,2,,
953890,3,1,1,2010,2,,1,300,1,2,,
953897,1,1,1,2012,2,,1,3000,1,2,,
953947,1,1,1,2015,2,,1,1000,1,2,,
953947,1,1,2,2017,2,,1,550,1,2,,
953951,1,1,1,2017,2,,1,900,1,2,,
953951,1,1,2,2018,2,,1,800,1,2,,
953951,2,2,1,2017,2,,1,800,1,2,,
953951,2,2,2,2018,2,,1,700,1,2,,
954007,1,1,1,2014,2,,1,500,1,1,3,1000
954032,1,1,1,1987,2,,1,1000,1,2,,
954036,1,1,1,2010,2,,1,570,1,2,,
954036,2,2,1,2010,2,,1,280,1,2,,
954085,1,1,1,2000,2,,1,2000,1,2,,
954139,1,1,1,1990,2,,1,500,1,2,,
954167,1,2,1,2000,2,,1,250,2,1,1,2000
954167,2,2,1,2000,2,,1,1000,2,1,1,2000
954173,1,1,1,2000,2,,1,530,1,1,3,51000
954173,2,1,1,2000,2,,1,1200,1,1,3,145000
954247,1,1,1,2005,1,10000,1,1000,1,2,,
954275,2,1,1,2017,2,,1,790,1,1,1,3000
954275,2,1,2,2013,2,,1,240,1,1,1,2000
954364,1,1,1,1994,2,,1,1200,1,2,,
954372,1,2,1,2015,2,,1,600,1,2,,
954610,1,1,1,2015,2,,1,145,2,1,3,750
954610,2,2,1,2015,2,,1,100,1,1,3,750
954645,1,1,1,2014,2,,1,340,1,2,,
954714,1,1,1,2010,2,,1,400,1,2,,
954721,1,1,1,2015,2,,1,300,1,2,,
954756,1,1,1,2004,2,,1,5000,1,1,1,67500
954757,1,1,1,2011,2,,1,200,1,2,,
954764,1,2,1,2000,1,200,1,500,1,1,3,10000
954764,2,2,1,1998,2,,1,180,1,2,,
954775,1,1,1,1998,2,,1,740,1,2,,
954792,1,1,1,2016,2,,1,150,1,2,,
954792,2,1,1,2011,2,,1,150,2,1,3,20000
954860,1,1,1,2016,2,,1,150,1,2,,
954929,1,1,1,2014,2,,1,1000,1,1,1,6000
954977,1,1,1,2020,2,,1,240,1,1,2,200
954977,2,1,1,2020,2,,1,240,1,1,1,240
955104,1,1,1,2018,1,180,1,180,1,2,,
955104,2,1,1,2018,1,180,1,180,1,2,,
955132,1,1,1,2012,1,300,1,500,1,2,,
955158,1,1,1,2017,1,7500,2,,1,2,,
955179,2,2,1,2013,2,,1,150,1,1,2,5000
955204,2,1,1,2006,2,,1,1800,1,2,,
955233,1,1,1,2005,2,,1,68,1,2,,
955233,2,1,1,2005,2,,1,350,1,2,,
955240,1,1,1,2001,2,,1,5000,1,1,3,20000
955267,1,1,1,2015,2,,1,800,1,2,,
955307,1,1,1,2005,2,,1,0,1,1,1,25000
955319,1,2,1,2010,2,,1,1000,1,1,3,15000
955361,1,1,1,2017,2,,1,1300,1,2,,
955488,1,1,1,2003,2,,1,1000,1,1,1,10000
955488,2,1,1,2003,2,,1,1200,1,1,1,10000
955544,2,1,1,1998,2,,1,4000,1,2,,
955598,1,1,1,2000,2,,1,500,1,2,,
955635,1,1,1,2017,2,,1,1200,1,1,2,3500
955685,1,1,1,2011,2,,1,2000,1,2,,
955710,1,1,1,2015,1,10000,2,,1,2,,
955717,1,1,1,2000,1,500,1,0,1,2,,
955717,2,2,1,2006,1,500,1,0,1,2,,
955743,1,1,1,2006,2,,1,4000,1,1,1,100000
955750,1,1,1,2014,2,,1,650,1,2,,
955753,1,1,1,2020,2,,1,1000,1,1,2,5000
955757,1,1,1,1995,1,1000,1,1800,1,2,,
955777,1,1,1,2010,1,100,1,0,1,2,,
955777,2,1,1,2010,1,100,1,0,1,2,,
955804,2,1,1,2019,2,,1,2040,1,2,,
955833,1,1,1,2020,2,,1,400,1,2,,
955865,1,1,1,1996,2,,1,585,1,2,,
955919,1,1,1,2018,2,,1,1320,1,2,,
955920,2,1,1,2003,2,,1,500,1,2,,
955979,1,1,1,2008,1,630,1,630,1,2,,
956017,1,1,1,2013,2,,1,120,1,2,,
956041,1,1,1,2010,2,,1,3600,1,1,1,36000
956041,2,1,1,2000,2,,1,1800,1,1,1,37800
956223,1,1,1,2000,2,,1,5000,1,1,3,100000
956234,1,1,1,2000,2,,1,5000,2,1,2,15000
956251,1,1,1,2015,2,,1,125,1,2,,
956251,2,1,1,2015,2,,1,125,1,2,,
956353,1,1,1,2015,1,5000,2,,1,2,,
956353,1,1,2,2015,2,,1,60,1,2,,
956353,2,1,1,2020,2,,1,100,1,2,,
956454,1,1,1,1995,2,,1,1800,2,1,1,48000
956783,1,1,1,2016,2,,1,1200,1,1,2,5000
956797,1,1,1,2014,2,,1,2400,1,1,1,1400
956800,1,1,1,1990,2,,1,650,1,2,,
956800,2,2,1,1997,2,,1,1200,1,2,,
956801,1,1,1,2000,2,,1,500,1,2,,
956895,1,1,1,2009,1,1200,1,2200,1,2,,
956898,1,1,1,2010,1,4000,2,,2,1,2,4000
956898,2,1,1,2016,2,,1,4000,1,2,,
956904,1,1,1,2018,2,,1,400,1,1,3,1200
956918,1,1,1,2014,2,,1,1600,1,1,3,9000
956918,2,1,1,2014,1,300,1,3500,1,1,3,2500
956921,2,1,1,2019,1,200,1,2500,1,1,3,6000
956938,1,1,1,2019,2,,1,300,1,2,,
956938,2,1,1,2019,2,,1,300,1,2,,
956974,1,1,1,1995,2,,1,4000,1,1,3,100000
956974,2,1,1,1995,2,,1,2400,1,1,3,100000
957048,1,1,1,2016,1,500,1,600,2,1,3,3000
957052,2,1,1,2018,2,,1,1200,1,1,3,3600
957093,2,1,1,2016,1,150,2,,2,1,3,7500
957174,1,1,1,2017,1,140,2,,1,2,,
957174,1,1,2,2017,1,140,2,,1,2,,
957206,1,1,1,2017,2,,1,240,1,2,,
957234,1,1,1,2005,1,20000,2,,1,1,2,26000
957234,2,1,1,2008,2,,1,2000,1,1,2,15000
957296,1,1,1,2014,2,,1,2400,1,2,,
957315,1,1,1,2008,2,,1,600,1,2,,
957344,1,1,1,1990,2,,1,3500,1,2,,
957492,1,1,1,2006,2,,1,0,1,1,3,1400
957516,1,1,1,2020,2,,1,960,1,2,,
957548,1,1,1,2007,2,,1,300,1,2,,
957548,2,1,1,2007,2,,1,500,1,2,,
957564,1,1,1,2015,2,,1,2400,1,1,3,13000
957579,1,1,1,2013,2,,1,600,1,1,1,12000
957579,2,1,1,2014,2,,1,600,1,2,,
957661,1,1,1,2013,2,,1,3000,1,1,1,17000
957661,2,1,1,2015,2,,1,2200,1,1,1,8000
957696,1,1,1,2000,2,,1,150,1,2,,
957711,1,1,1,2018,2,,1,467,1,2,,
957711,2,1,1,2014,2,,1,123,1,2,,
957714,1,1,1,2000,2,,1,80,1,1,3,1700
957780,1,1,1,2018,2,,1,1200,1,1,2,2000
957837,1,1,1,2015,1,50000,2,,1,1,1,55000
957837,2,1,1,2015,1,50000,2,,1,1,1,55000
957931,2,1,1,2015,1,150,1,150,1,1,2,1000
957955,1,1,1,2017,2,,1,250,1,2,,
958053,1,1,1,2010,2,,1,500,1,2,,
958100,3,1,1,2014,1,500,1,4000,1,1,3,24000
958117,1,1,1,2015,2,,1,300,1,1,1,1500
959040,1,1,1,2020,1,300,2,,1,1,3,80000
959040,2,1,1,2020,2,,1,300,1,1,3,150000
959131,1,1,1,2010,1,500,1,500,1,1,3,8000
959264,1,2,1,2000,2,,1,,1,1,3,
959264,2,2,1,2000,2,,1,,1,1,3,
959315,1,1,1,2010,2,,1,1000,1,2,,
959351,1,1,1,2015,2,,1,1800,1,2,,
959381,1,1,1,2005,2,,1,3000,1,2,,
960045,2,1,1,2016,2,,1,2400,1,2,,
960052,2,1,1,2017,2,,1,500,1,2,,
960053,1,1,1,2010,2,,1,2000,1,2,,
960065,1,1,1,2020,1,5000,1,5000,1,2,,
960085,1,1,1,1990,2,,1,5000,1,2,,
960100,1,1,1,2000,2,,1,600,1,1,3,10000
960182,1,1,1,2000,2,,1,250,1,2,,
960186,1,1,1,2008,2,,1,600,1,1,1,8000
960221,1,1,1,2014,1,15000,2,,1,1,1,20000
960347,1,1,1,2014,2,,1,600,1,2,,
960411,1,1,1,2020,2,,1,100,1,2,,
960612,1,1,1,1990,1,30000,2,,1,2,,
960747,1,1,1,2017,2,,1,0,1,2,,
960863,1,1,1,2008,2,,1,3000,1,1,1,30000
960917,1,1,1,2019,2,,1,1000,1,2,,
960953,1,1,1,2019,2,,1,1800,1,1,1,1800
960953,2,1,1,2019,2,,1,1800,1,1,1,1800
961112,1,1,1,2000,2,,1,200,1,1,1,2000
961124,1,1,1,2016,2,,1,2160,1,1,1,8640
961209,3,1,1,2020,1,250,1,2800,1,2,,
961210,2,1,1,2015,1,200,1,1200,2,1,3,7500
961213,2,1,1,2020,2,,1,1400,1,1,3,1400
961325,1,1,1,2017,1,230,1,2600,1,1,3,7500
961356,1,1,1,2015,1,2200,2,,2,1,3,1800
961474,1,1,1,2020,2,,1,2000,1,1,3,1000
961552,1,1,1,2017,2,,1,1200,1,2,,
961597,1,1,1,2000,2,,1,700,1,1,1,14000
961640,2,1,1,2000,2,,1,2500,1,1,1,52500
961649,1,1,1,2019,1,1000,2,,1,2,,
961649,1,1,2,2020,1,1000,1,1000,1,2,,
961649,2,1,1,2020,1,1000,1,1000,1,2,,
961669,1,1,1,2000,2,,1,1200,1,1,1,25000
961673,1,1,1,1990,2,,1,300,1,1,1,108000
961673,2,1,1,2000,2,,1,200,1,1,2,40000
961698,2,1,1,2015,2,,1,100,1,1,1,6000
961700,2,2,1,2010,2,,1,600,2,1,2,6000
963653,1,1,1,2004,2,,1,240,1,2,,
964235,1,1,1,2016,1,10000,2,,1,2,,
964284,1,1,1,1981,1,250,1,5170,1,1,1,60000
964284,2,2,1,1981,1,250,1,5170,1,1,1,60000
964285,1,1,1,2002,1,50,1,600,2,1,1,6000
964288,1,1,1,2018,1,300,1,480,1,2,,
964288,2,1,1,2006,2,,1,300,1,2,,
964294,1,1,1,2013,2,,1,350,1,1,3,888
964294,2,1,1,2013,2,,1,350,1,1,2,88888
964337,1,1,1,2016,2,,1,300,1,2,,
964549,1,1,1,1995,2,,1,1200,1,1,3,30000
964845,2,1,1,2011,2,,1,2400,1,1,2,50000
965633,1,1,1,1978,1,350,2,,1,2,,
965633,2,2,1,1978,1,350,2,,1,2,,
967096,3,1,1,2006,2,,1,1200,1,1,3,20000
967332,1,1,1,2014,2,,1,1200,1,1,1,7000
967648,1,1,1,2000,2,,1,1500,1,1,3,30000
967648,2,2,1,2000,2,,1,1500,1,1,2,30000
967668,1,1,1,2002,2,,1,1200,2,1,3,14000
967714,1,1,1,2010,1,300,1,1200,2,1,3,13000
967719,2,1,1,2012,2,,1,1200,1,2,,
967780,1,1,1,1990,1,5000,2,,1,1,3,50000
967780,2,1,1,1999,1,5000,2,,1,1,3,50000
967784,1,2,1,2000,2,,1,3000,1,1,3,50000
968178,1,1,1,2005,2,,1,3000,1,1,1,45000
968178,2,1,1,2010,2,,1,2500,1,1,1,30000
968245,1,1,1,2018,2,,1,1000,1,1,3,2000
968271,1,1,1,2015,1,15000,2,,1,1,1,18000
968271,2,1,1,2015,1,15000,2,,1,1,1,17000
968295,1,1,1,2018,1,10000,2,,2,1,3,12000
968915,1,1,1,2012,2,,1,1200,1,1,1,12000
968951,1,1,1,2015,2,,1,600,1,1,1,30000
969170,2,1,1,2018,2,,1,50,1,1,3,650
970630,1,1,1,2013,1,300,1,300,1,2,,
970630,1,1,2,2015,2,,1,0,1,2,,
970630,2,1,1,2019,2,,1,600,1,2,,
970630,2,1,2,2002,2,,1,1600,1,1,2,25000
970716,1,1,1,2018,2,,1,250,2,1,3,
970716,2,2,1,2018,2,,1,250,2,1,3,
970801,1,1,1,2000,1,2000,1,1800,1,2,,
970945,1,1,1,2017,2,,1,600,1,1,3,3000
971131,1,1,1,2010,2,,1,100,1,2,,
971476,1,1,1,2016,2,,1,300,1,2,,
971505,1,1,1,2018,1,400,1,400,1,1,3,1200
971639,1,1,1,2018,2,,1,285,1,2,,
972518,1,1,1,2000,2,,1,100,2,1,1,24000
972702,1,1,1,2010,1,300,1,2500,2,1,3,25000
972734,1,1,1,2010,2,,1,1200,1,1,3,12000
972923,1,1,1,2019,1,40000,2,,1,1,1,40000
973304,2,1,1,2000,2,,1,840,1,1,3,8500
973334,1,1,1,2006,2,,1,5000,1,1,2,50000
973354,1,1,1,2016,2,,1,113,1,2,,
973354,2,1,1,2016,2,,1,113,1,2,,
973385,1,1,1,2010,2,,1,1300,2,1,3,80000
973391,1,1,1,2015,1,200,1,1400,2,1,3,5500
973398,1,1,1,2018,2,,1,600,1,1,1,1700
973405,1,1,1,1994,1,80,1,400,1,2,,
974005,2,1,1,2015,2,,1,400,1,1,1,3000
974032,1,1,1,2010,2,,1,800,1,2,,
974051,1,1,1,2018,2,,1,200,1,2,,
974073,1,1,1,2017,2,,1,200,1,2,,
974134,1,1,1,2000,2,,1,1200,1,1,1,25000
974134,2,1,1,2000,2,,1,1200,1,1,1,25000
974221,1,1,1,2020,2,,1,500,1,1,3,10000
974465,1,1,1,2010,2,,1,1200,1,2,,
974517,1,1,1,1994,2,,1,800,1,1,3,
974517,2,1,1,1994,2,,1,390,1,1,3,11111
974622,1,2,1,2000,2,,1,400,1,2,,
974630,1,1,1,2015,2,,1,350,1,2,,
974647,1,1,1,2009,2,,1,300,1,2,,
